ID,Name,,name_in,description,Coordinates
12,传送点-杜加避难所,,Teleport Waypoint 1,,
313,传送点-河谷林场,,Teleport Waypoint 2,,
314,传送点-信号检测站,,Teleport Waypoint 3,,
315,传送点-雇佣兵营地,,,,
316,传送点-军事基地,,,,
317,传送点-坠落集市,,,,
318,传送点-河谷哨所,,,,
319,传送点-坠机丘陵,,,,
320,传送点-异星前线,,,,
321,传送点-泥泞沼泽,,,,
322,传送点-破碎河谷,,,,
323,传送点-湖滨林区,,,,
586,传送点-绿洲避难所,,,,
589,传送点-摩得尔避难所,,,,
591,传送点-地平线矿区,,,,
594,传送点-风蚀喉谷,,,,
595,传送点-中央车站,,,,
597,传送点-竞速起点,,,,
600,传送点-沙海遗迹,,,,
605,传送点-北部戈壁滩,,,,
886,传送点-晨星制所,,,,
887,传送点-暗水街,,,,
888,传送点-市民广场,,,,
889,传送点-起源工厂,,,,
890,传送点-商业中心旧址,,,,
891,传送点-伊甸城避难所,,,,
892,传送点-迷雾深渊,,,,
893,传送点-生态监测站一号,,,,
894,传送点-黑教堂,,,,
895,传送点-空间通信塔,,,,
896,传送点-地铁站,,,,
897,传送点-六号实验楼,,,,
980,传送点-雪山避难所,,,,
981,传送点-高山林场,,,,
982,传送点-三叉路口,,,,
983,传送点-临湖镇,,,,
984,传送点-临湖缆车站,,,,
985,传送点-野钓池,,,,
986,传送点-观测站,,,,
987,传送点-冻湖营地,,,,
988,传送点-隐秘基地,,,,
989,传送点-滑雪中心,,,,
990,传送点-东部缆车场,,,,
438,彩虹小丑-伊甸城中此处垂钓获取，需钓鱼5级并使用2级鱼竿钓取,,Rainbow Clown - Use level 2 Rod,,
440,彩虹小丑2-伊甸城中此处垂钓获取，需钓鱼5级并使用2级鱼竿钓取,,Rainbow Clown - Use level 2 Rod,,
398,橙色隐者-杜加河谷湖滨林区此处垂钓获取，需钓鱼5级并使用2级鱼竿钓取,,Orange Hermit - Use Level 2 Rod,,
399,橙色隐者-杜加河谷哨所此处垂钓获取，需钓鱼5级并使用2级鱼竿钓取,,Orange Hermit - Use Level 2 Rod,,
400,橙色隐者-杜加河谷晴光山洞此处垂钓获取，需钓鱼5级并使用2级鱼竿钓取,,Orange Hermit - Use Level 2 Rod,,
408,戈壁狗鱼-尖叫戈壁南部绿洲此处垂钓获取，需钓鱼5级并使用2级鱼竿钓取,,Gobi Pike - Use Level 2 Rod,,
409,戈壁狗鱼-尖叫戈壁中部废墟此处垂钓获取，需钓鱼5级并使用2级鱼竿钓取,,Gobi Pike - Use Level 2 Rod,,
1276,钓鱼(分享来自:快爆用户122112617),,,,
388,河谷虹鳟-杜加河谷此处钓取，需钓鱼5级并使用2级鱼竿钓取,,Rainbow Ell - Use Level 2 Rod,,
390,河谷虹鳟2-杜加河谷此处钓取，需钓鱼5级并使用2级鱼竿钓取,,Rainbow Ell - Use Level 2 Rod,,
391,河谷虹鳟3-河谷林场此处钓取，需钓鱼5级并使用2级鱼竿钓取,,Rainbow Ell - Use Level 2 Rod,,
392,河谷虹鳟4-幽兰花海此处钓取，需钓鱼5级并使用2级鱼竿钓取,,Rainbow Ell - Use Level 2 Rod,,
429,蝴蝶仙子-尖叫戈壁东部城区此处垂钓获取，需钓鱼5级并使用2级鱼竿钓取,,Butterfly Fairy - Use Level 2 Rod,,
20,探秘寻宝-杜加河谷1,,Treasure Hunt - Sundale Valley 1,"262, 225","262, 225"
21,探秘寻宝-杜加河谷2,,Treasure Hunt - Sundale Valley 2,,"231, 236"
22,探秘寻宝-杜加河谷3,,Treasure Hunt - Sundale Valley 3,,"320, 182"
23,探秘寻宝-杜加河谷4,,Treasure Hunt - Sundale Valley 4,,"360, 146"
24,探秘寻宝-杜加河谷5,,Treasure Hunt - Sundale Valley 5,,"368, 140"
25,探秘寻宝-杜加河谷6,,Treasure Hunt - Sundale Valley 6,,"405, 160"
26,探秘寻宝-杜加河谷7,,Treasure Hunt - Sundale Valley 7,,"428, 145"
27,探秘寻宝-杜加河谷8,,Treasure Hunt - Sundale Valley 8,,"143, 156"
28,探秘寻宝-杜加河谷9,,Treasure Hunt - Sundale Valley 9,,"493, 102"
29,探秘寻宝-杜加河谷10,,Treasure Hunt - Sundale Valley 10,,"433, 131"
30,探秘寻宝-杜加河谷11,,Treasure Hunt - Sundale Valley 11,,"484, 64"
31,探秘寻宝-杜加河谷12,,Treasure Hunt - Sundale Valley 12,,"472, 121"
32,探秘寻宝-杜加河谷13,,Treasure Hunt - Sundale Valley 13,,"453, 179"
33,探秘寻宝-杜加河谷14,,Treasure Hunt - Sundale Valley 14,,"471, 222"
34,探秘寻宝-杜加河谷15,,Treasure Hunt - Sundale Valley 15,,"496, 212"
35,探秘寻宝-杜加河谷16,,Treasure Hunt - Sundale Valley 16,,"482, 199"
36,探秘寻宝-杜加河谷17,,Treasure Hunt - Sundale Valley 17,,"510, 207"
37,探秘寻宝-杜加河谷18,,Treasure Hunt - Sundale Valley 18,,"543, 210"
38,探秘寻宝-杜加河谷19,,Treasure Hunt - Sundale Valley 19,,"485, 189"
39,探秘寻宝-杜加河谷20,,Treasure Hunt - Sundale Valley 20,,"495, 164"
40,探秘寻宝-杜加河谷21,,Treasure Hunt - Sundale Valley 21,,"508, 168"
41,探秘寻宝-杜加河谷22,,Treasure Hunt - Sundale Valley 22,,"529, 176"
42,探秘寻宝-杜加河谷23,,Treasure Hunt - Sundale Valley 23,,"504, 142"
43,探秘寻宝-杜加河谷24,,Treasure Hunt - Sundale Valley 24,,"704, 173"
44,探秘寻宝-杜加河谷25,,Treasure Hunt - Sundale Valley 25,,"705, 116"
45,探秘寻宝-杜加河谷26,,Treasure Hunt - Sundale Valley 26,,"742, 86"
46,探秘寻宝-杜加河谷27,,Treasure Hunt - Sundale Valley 27,,"783, 125"
47,探秘寻宝-杜加河谷28,,Treasure Hunt - Sundale Valley 28,,"785, 129"
48,探秘寻宝-杜加河谷29,,Treasure Hunt - Sundale Valley 29,,"783, 231"
49,探秘寻宝-杜加河谷30,,Treasure Hunt - Sundale Valley 30,,"834, 212"
50,探秘寻宝-杜加河谷31,,Treasure Hunt - Sundale Valley 31,,"829, 139"
51,探秘寻宝-杜加河谷32,,Treasure Hunt - Sundale Valley 32,,"852, 109"
54,探秘寻宝-杜加河谷33,,Treasure Hunt - Sundale Valley 33,,"840, 69"
55,探秘寻宝-杜加河谷34,,Treasure Hunt - Sundale Valley 34,,"877, 142"
56,探秘寻宝-杜加河谷35,,Treasure Hunt - Sundale Valley 35,,"872, 163"
57,探秘寻宝-杜加河谷36,,Treasure Hunt - Sundale Valley 36,,"864, 232"
58,探秘寻宝-杜加河谷37,,Treasure Hunt - Sundale Valley 37,,"867, 271"
59,探秘寻宝-杜加河谷38,,Treasure Hunt - Sundale Valley 38,,"860, 277"
60,探秘寻宝-杜加河谷39,,Treasure Hunt - Sundale Valley 39,,"1025, 183"
61,探秘寻宝-杜加河谷40,,Treasure Hunt - Sundale Valley 40,,"1100, 212"
62,探秘寻宝-杜加河谷41,,Treasure Hunt - Sundale Valley 41,,"1108, 259"
63,探秘寻宝-杜加河谷42,,Treasure Hunt - Sundale Valley 42,,"1269, 109"
64,探秘寻宝-杜加河谷43,,Treasure Hunt - Sundale Valley 43,,"1273, 112"
65,探秘寻宝-杜加河谷44,,Treasure Hunt - Sundale Valley 44,,"1291, 94"
66,探秘寻宝-杜加河谷45,,Treasure Hunt - Sundale Valley 45,,"1372, 179"
67,探秘寻宝-杜加河谷46,,Treasure Hunt - Sundale Valley 46,,"1378, 187"
68,探秘寻宝-杜加河谷47,,Treasure Hunt - Sundale Valley 47,,"1510, 194"
69,探秘寻宝-杜加河谷48,,Treasure Hunt - Sundale Valley 48,,"1409, 312"
70,探秘寻宝-杜加河谷49,,Treasure Hunt - Sundale Valley 49,need correct mark position,"1297, 371"
71,探秘寻宝-杜加河谷50,,Treasure Hunt - Sundale Valley 50,,"1297, 434"
72,探秘寻宝-杜加河谷51,,Treasure Hunt - Sundale Valley 51,,"1472, 393"
73,探秘寻宝-杜加河谷52,,Treasure Hunt - Sundale Valley 52,,"1453, 445"
74,探秘寻宝-杜加河谷53,,Treasure Hunt - Sundale Valley 53,,"1563, 424"
75,探秘寻宝-杜加河谷54,,Treasure Hunt - Sundale Valley 54,,"1589, 434"
76,探秘寻宝-杜加河谷55,,Treasure Hunt - Sundale Valley 55,,"1639, 424"
77,探秘寻宝-杜加河谷56,,Treasure Hunt - Sundale Valley 56,,"1547, 542"
78,探秘寻宝-杜加河谷57,,Treasure Hunt - Sundale Valley 57,,"1383, 505"
79,探秘寻宝-杜加河谷58,,Treasure Hunt - Sundale Valley 58,,"1416, 530"
80,探秘寻宝-杜加河谷59,,Treasure Hunt - Sundale Valley 59,,"1599, 665"
81,探秘寻宝-杜加河谷60,,Treasure Hunt - Sundale Valley 60,,"1468, 675"
82,探秘寻宝-杜加河谷61,,Treasure Hunt - Sundale Valley 61,,"1355, 669"
83,探秘寻宝-杜加河谷62,,Treasure Hunt - Sundale Valley 62,,"1276, 483"
84,探秘寻宝-杜加河谷63,,Treasure Hunt - Sundale Valley 63,,"1258, 563"
85,探秘寻宝-杜加河谷64,,Treasure Hunt - Sundale Valley 64,,"1177, 507"
86,探秘寻宝-杜加河谷65,,Treasure Hunt - Sundale Valley 65,,"1137, 512"
87,探秘寻宝-杜加河谷66,,Treasure Hunt - Sundale Valley 66,,"1176, 409"
88,探秘寻宝-杜加河谷67,,Treasure Hunt - Sundale Valley 67,,"1105, 413"
89,探秘寻宝-杜加河谷68,,Treasure Hunt - Sundale Valley 68,,"1102, 478"
90,探秘寻宝-杜加河谷69,,Treasure Hunt - Sundale Valley 69,,"1146, 564"
91,探秘寻宝-杜加河谷70,,Treasure Hunt - Sundale Valley 70,,"1172, 560"
92,探秘寻宝-杜加河谷71,,Treasure Hunt - Sundale Valley 71,,"1173, 649"
93,探秘寻宝-杜加河谷72,,Treasure Hunt - Sundale Valley 72,,"1067, 786"
94,探秘寻宝-杜加河谷73,,Treasure Hunt - Sundale Valley 73,,"947, 818"
95,探秘寻宝-杜加河谷74,,Treasure Hunt - Sundale Valley 74,,"925, 688"
96,探秘寻宝-杜加河谷75,,Treasure Hunt - Sundale Valley 75,,"981, 608"
97,探秘寻宝-杜加河谷76,,Treasure Hunt - Sundale Valley 76,,"993, 554"
98,探秘寻宝-杜加河谷77,,Treasure Hunt - Sundale Valley 77,,"988, 489"
99,探秘寻宝-杜加河谷78,,Treasure Hunt - Sundale Valley 78,,"987, 378"
100,探秘寻宝-杜加河谷79,,Treasure Hunt - Sundale Valley 79,,"920, 553"
101,探秘寻宝-杜加河谷80,,Treasure Hunt - Sundale Valley 80,,"863, 343"
102,探秘寻宝-杜加河谷81,,Treasure Hunt - Sundale Valley 81,,"858, 411"
103,探秘寻宝-杜加河谷82,,Treasure Hunt - Sundale Valley 82,,"805, 320"
104,探秘寻宝-杜加河谷83,,Treasure Hunt - Sundale Valley 83,,"796, 392"
105,探秘寻宝-杜加河谷84,,Treasure Hunt - Sundale Valley 84,,"805, 428"
106,探秘寻宝-杜加河谷85,,Treasure Hunt - Sundale Valley 85,,"805, 470"
107,探秘寻宝-杜加河谷86,,Treasure Hunt - Sundale Valley 86,,"728, 403"
108,探秘寻宝-杜加河谷87,,Treasure Hunt - Sundale Valley 87,,"708, 462"
109,探秘寻宝-杜加河谷88,,Treasure Hunt - Sundale Valley 88,,"670, 531"
110,探秘寻宝-杜加河谷89,,Treasure Hunt - Sundale Valley 89,,"665, 687"
111,探秘寻宝-杜加河谷90,,Treasure Hunt - Sundale Valley 90,,"463, 432"
112,探秘寻宝-杜加河谷91,,Treasure Hunt - Sundale Valley 91,,"517, 556"
113,探秘寻宝-杜加河谷92,,Treasure Hunt - Sundale Valley 92,,"150, 452"
114,探秘寻宝-杜加河谷93,,Treasure Hunt - Sundale Valley 93,,"216, 479"
115,探秘寻宝-杜加河谷94,,Treasure Hunt - Sundale Valley 94,,"388, 588"
116,探秘寻宝-杜加河谷95,,Treasure Hunt - Sundale Valley 95,,"467, 667"
117,探秘寻宝-杜加河谷96,,Treasure Hunt - Sundale Valley 96,,"489, 723"
118,探秘寻宝-杜加河谷97,,Treasure Hunt - Sundale Valley 97,,"543, 856"
119,探秘寻宝-杜加河谷98,,Treasure Hunt - Sundale Valley 98,,"494, 814"
120,探秘寻宝-杜加河谷99,,Treasure Hunt - Sundale Valley 99,,"481, 864"
121,探秘寻宝-杜加河谷100,,Treasure Hunt - Sundale Valley 100,,"213, 781"
122,探秘寻宝-杜加河谷101,,Treasure Hunt - Sundale Valley 101,,"249, 850"
123,探秘寻宝-杜加河谷102,,Treasure Hunt - Sundale Valley 102,,"337, 847"
124,探秘寻宝-杜加河谷103,,Treasure Hunt - Sundale Valley 103,,"369, 823"
125,探秘寻宝-杜加河谷104,,Treasure Hunt - Sundale Valley 104,,"395, 918"
126,探秘寻宝-杜加河谷105,,Treasure Hunt - Sundale Valley 105,,"247, 925"
127,探秘寻宝-杜加河谷106,,Treasure Hunt - Sundale Valley 106,,"194, 929"
128,探秘寻宝-杜加河谷108,,Treasure Hunt - Sundale Valley 107,,"423, 991"
129,探秘寻宝-杜加河谷107,,Treasure Hunt - Sundale Valley 108,,"397, 985"
130,探秘寻宝-杜加河谷109,,Treasure Hunt - Sundale Valley 109,,"404, 1011"
131,探秘寻宝-杜加河谷110,,Treasure Hunt - Sundale Valley 110,,"477, 1021"
132,探秘寻宝-杜加河谷111,,Treasure Hunt - Sundale Valley 111,,"457, 1065"
133,探秘寻宝-杜加河谷112,,Treasure Hunt - Sundale Valley 112,,"349, 1031"
134,探秘寻宝-杜加河谷113,,Treasure Hunt - Sundale Valley 113,,"354, 1061"
135,探秘寻宝-杜加河谷114,,Treasure Hunt - Sundale Valley 114,,"394, 1070"
136,探秘寻宝-杜加河谷115,,Treasure Hunt - Sundale Valley 115,,"385, 1091"
137,探秘寻宝-杜加河谷116,,Treasure Hunt - Sundale Valley 116,,"229, 1070"
138,探秘寻宝-杜加河谷117,,Treasure Hunt - Sundale Valley 117,,"330, 1137"
139,探秘寻宝-杜加河谷118,,Treasure Hunt - Sundale Valley 118,,"161, 1141"
140,探秘寻宝-杜加河谷119,,Treasure Hunt - Sundale Valley 119,,"221, 1207"
141,探秘寻宝-杜加河谷120,,Treasure Hunt - Sundale Valley 120,,"108, 1324"
142,探秘寻宝-杜加河谷121,,Treasure Hunt - Sundale Valley 121,,"234, 1342"
143,探秘寻宝-杜加河谷122,,Treasure Hunt - Sundale Valley 122,need to correct mark positioning ,"322, 1355"
144,探秘寻宝-杜加河谷123,,Treasure Hunt - Sundale Valley 123,,"379, 1256"
145,探秘寻宝-杜加河谷124,,Treasure Hunt - Sundale Valley 124,,"335, 1257"
146,探秘寻宝-杜加河谷125,,Treasure Hunt - Sundale Valley 125,,"344, 1304"
147,探秘寻宝-杜加河谷126,,Treasure Hunt - Sundale Valley 126,,"478, 1257"
148,探秘寻宝-杜加河谷127,,Treasure Hunt - Sundale Valley 127,,"524, 1294"
149,探秘寻宝-杜加河谷128,,Treasure Hunt - Sundale Valley 128,,"208, 1404"
150,探秘寻宝-杜加河谷129,,Treasure Hunt - Sundale Valley 129,,"144, 1551"
151,探秘寻宝-杜加河谷130,,Treasure Hunt - Sundale Valley 130,,"172, 1543"
152,探秘寻宝-杜加河谷131,,Treasure Hunt - Sundale Valley 131,,"292, 1586"
153,探秘寻宝-杜加河谷132,,Treasure Hunt - Sundale Valley 132,,"348, 1637"
154,探秘寻宝-杜加河谷133,,Treasure Hunt - Sundale Valley 133,,"337, 1661"
155,探秘寻宝-杜加河谷134,,Treasure Hunt - Sundale Valley 134,,"327, 1674"
156,探秘寻宝-杜加河谷135,,Treasure Hunt - Sundale Valley 135,,"432, 1614"
157,探秘寻宝-杜加河谷136,,Treasure Hunt - Sundale Valley 136,,"456, 1644"
158,探秘寻宝-杜加河谷137,,Treasure Hunt - Sundale Valley 137,,"526, 1709"
159,探秘寻宝-杜加河谷138,,Treasure Hunt - Sundale Valley 138,Alien Frontier Underground ,"521, 1417"
160,探秘寻宝-杜加河谷139,,Treasure Hunt - Sundale Valley 139,Need to Correct Mark Positioning ,"597, 1653"
161,探秘寻宝-杜加河谷140,,Treasure Hunt - Sundale Valley 140,,"645, 1634"
162,探秘寻宝-杜加河谷141,,Treasure Hunt - Sundale Valley 141,,"660, 1701"
163,探秘寻宝-杜加河谷142,,Treasure Hunt - Sundale Valley 142,,"673, 1713"
164,探秘寻宝-杜加河谷143,,Treasure Hunt - Sundale Valley 143,,"758, 1918"
165,探秘寻宝-杜加河谷144,,Treasure Hunt - Sundale Valley 144,on the roof,"779, 1949"
166,探秘寻宝-杜加河谷145,,Treasure Hunt - Sundale Valley 145,,"1764, 1990"
167,探秘寻宝-杜加河谷146,,Treasure Hunt - Sundale Valley 146,,"844, 1865"
168,探秘寻宝-杜加河谷147,,Treasure Hunt - Sundale Valley 147,,"939, 1778"
169,探秘寻宝-杜加河谷148,,Treasure Hunt - Sundale Valley 148,,"862, 1742"
170,探秘寻宝-杜加河谷149,,Treasure Hunt - Sundale Valley 149,,"1017, 1605"
171,探秘寻宝-杜加河谷150,,Treasure Hunt - Sundale Valley 150,,"608, 792"
172,探秘寻宝-杜加河谷151,,Treasure Hunt - Sundale Valley 151,,"649, 836"
173,探秘寻宝-杜加河谷152,,Treasure Hunt - Sundale Valley 152,,"595, 890"
174,探秘寻宝-杜加河谷153,,Treasure Hunt - Sundale Valley 153,,"667, 945"
175,探秘寻宝-杜加河谷154,,Treasure Hunt - Sundale Valley 154,,"660, 956"
176,探秘寻宝-杜加河谷155,,Treasure Hunt - Sundale Valley 155,,"579, 986"
177,探秘寻宝-杜加河谷156,,Treasure Hunt - Sundale Valley 156,,"612, 994"
178,探秘寻宝-杜加河谷157,,Treasure Hunt - Sundale Valley 157,,"618, 1050"
179,探秘寻宝-杜加河谷158,,Treasure Hunt - Sundale Valley 158,,"703, 982"
180,探秘寻宝-杜加河谷159,,Treasure Hunt - Sundale Valley 159,,"748, 1091"
181,探秘寻宝-杜加河谷160,,Treasure Hunt - Sundale Valley 160,,"824, 1044"
182,探秘寻宝-杜加河谷161,,Treasure Hunt - Sundale Valley 161,"open the box, one by one","823, 1005"
183,探秘寻宝-杜加河谷162,,Treasure Hunt - Sundale Valley 162,,"911, 1131"
184,探秘寻宝-杜加河谷163,,Treasure Hunt - Sundale Valley 163,,"777, 831"
185,探秘寻宝-杜加河谷164,,Treasure Hunt - Sundale Valley 164,,"1260, 842"
186,探秘寻宝-杜加河谷165,,Treasure Hunt - Sundale Valley 165,,"1293, 919"
187,探秘寻宝-杜加河谷166,,Treasure Hunt - Sundale Valley 166,,"1232, 948"
188,探秘寻宝-杜加河谷167,,Treasure Hunt - Sundale Valley 167,,"1419, 845"
189,探秘寻宝-杜加河谷168,,Treasure Hunt - Sundale Valley 168,,"1483, 861"
190,探秘寻宝-杜加河谷169,,Treasure Hunt - Sundale Valley 169,,"1593, 822"
191,探秘寻宝-杜加河谷170,,Treasure Hunt - Sundale Valley 170,get up here using Box,"1600, 888"
192,探秘寻宝-杜加河谷171,,Treasure Hunt - Sundale Valley 171,the carriage,"1605, 893"
193,探秘寻宝-杜加河谷172,,Treasure Hunt - Sundale Valley 172,,"1755, 802"
194,探秘寻宝-杜加河谷173,,Treasure Hunt - Sundale Valley 173,,"1787, 839"
195,探秘寻宝-杜加河谷174,,Treasure Hunt - Sundale Valley 174,,"1914, 1022"
196,探秘寻宝-杜加河谷175,,Treasure Hunt - Sundale Valley 175,Destroy the stone,"1424, 995"
197,探秘寻宝-杜加河谷176,,Treasure Hunt - Sundale Valley 176,,"1398, 1005"
198,探秘寻宝-杜加河谷177,,Treasure Hunt - Sundale Valley 177,Tunnel,"1379, 1019"
199,探秘寻宝-杜加河谷178,,Treasure Hunt - Sundale Valley 178,on the plane,"1421, 1035"
200,探秘寻宝-杜加河谷179,,Treasure Hunt - Sundale Valley 179,,"1415, 1048"
201,探秘寻宝-杜加河谷180,,Treasure Hunt - Sundale Valley 180,,"1778, 1240"
202,探秘寻宝-杜加河谷181,,Treasure Hunt - Sundale Valley 181,,"1600, 1326"
203,探秘寻宝-杜加河谷182,,Treasure Hunt - Sundale Valley 182,,"1687, 1408"
204,探秘寻宝-杜加河谷183,,Treasure Hunt - Sundale Valley 183,,"1781, 1635"
205,探秘寻宝-杜加河谷184,,Treasure Hunt - Sundale Valley 184,,"1747, 1713"
206,探秘寻宝-杜加河谷185,,Treasure Hunt - Sundale Valley 185,,"1672, 1651"
207,探秘寻宝-杜加河谷186,,Treasure Hunt - Sundale Valley 186,,"1403, 1511"
208,探秘寻宝-杜加河谷187,,Treasure Hunt - Sundale Valley 187,,"1400, 1563"
209,探秘寻宝-杜加河谷188,,Treasure Hunt - Sundale Valley 188,,"1292, 1692"
210,探秘寻宝-杜加河谷189,,Treasure Hunt - Sundale Valley 189,,"1248, 1509"
211,探秘寻宝-杜加河谷190,,Treasure Hunt - Sundale Valley 190,,"1160, 1668"
212,探秘寻宝-杜加河谷191,,Treasure Hunt - Sundale Valley 191,,"1061, 1522"
213,探秘寻宝-杜加河谷192,,Treasure Hunt - Sundale Valley 192,,"1016, 1493"
214,探秘寻宝-杜加河谷193,,Treasure Hunt - Sundale Valley 193,,"968, 1482"
215,探秘寻宝-杜加河谷194,,Treasure Hunt - Sundale Valley 194,,"876, 1433"
216,探秘寻宝-杜加河谷195,,Treasure Hunt - Sundale Valley 195,,"1220, 1156"
217,探秘寻宝-杜加河谷196,,Treasure Hunt - Sundale Valley 196,,"1161, 1250"
218,探秘寻宝-杜加河谷197,,Treasure Hunt - Sundale Valley 197,,"1098, 1205"
219,探秘寻宝-杜加河谷198,,Treasure Hunt - Sundale Valley 198,,"1100, 1221"
220,探秘寻宝-杜加河谷199,,Treasure Hunt - Sundale Valley 199,,"1062, 1343"
221,探秘寻宝-杜加河谷200,,Treasure Hunt - Sundale Valley 200,,"1012, 1341"
222,探秘寻宝-杜加河谷201,,Treasure Hunt - Sundale Valley 201,,"768, 1372"
223,探秘寻宝-杜加河谷202,,Treasure Hunt - Sundale Valley 202,,
353,探秘寻宝--黑教堂1,,Treasure Hunt - Edengate 1,,"196, 2010"
354,探秘寻宝--黑教堂2,,Treasure Hunt - Edengate 2,,"147, 1947"
355,探秘寻宝--黑教堂3,,Treasure Hunt - Edengate 3,,"185, 1900"
356,探秘寻宝--黑教堂4,,Treasure Hunt - Edengate 4,,"325, 2017"
357,探秘寻宝-尖叫戈壁1,,Treasure Hunt - Howling Gobi 1,,
358,探秘寻宝--黑教堂5,,Treasure Hunt - Edengate 5,,"407, 1955"
359,探秘寻宝--黑教堂6,,Treasure Hunt - Edengate 6,,"422, 1920"
360,探秘寻宝7,,Treasure Hunt - Edengate 8,,"338, 1923"
361,探秘寻宝--黑教堂7,,Treasure Hunt - Edengate 9,,"228, 1923"
362,探秘寻宝--黑教堂8,,Treasure Hunt - Edengate 10,missing mark,
363,探秘寻宝-尖叫戈壁2,,Treasure Hunt - Howling Gobi 2,,
364,探秘寻宝-尖叫戈壁3,,Treasure Hunt - Howling Gobi 3,,
365,探秘寻宝--黑教堂9,,Treasure Hunt - Edengate 11,On the Rock ,"332, 1840"
366,探秘寻宝--黑教堂10,,Treasure Hunt - Edengate 12,inside cargo,"366, 1810"
367,探秘寻宝--黑教堂11,,Treasure Hunt - Edengate 13,,"348, 1742"
368,探秘寻宝--黑教堂12,,Treasure Hunt - Edengate 14,,"372, 1660"
369,探秘寻宝-尖叫戈壁4,,Treasure Hunt - Howling Gobi 4,,
370,探秘寻宝-尖叫戈壁5,,Treasure Hunt - Howling Gobi 5,,
371,探秘寻宝-检测站1,,Treasure Hunt - Edengate 15,on the tend roof,"471, 1634"
372,探秘寻宝-尖叫戈壁6,,Treasure Hunt - Howling Gobi 6,,
373,探秘寻宝-尖叫戈壁7,,Treasure Hunt - Howling Gobi 7,,
374,探秘寻宝-检测站2,,Treasure Hunt - Edengate 16,,"500, 1683"
375,探秘寻宝-尖叫戈壁8,,Treasure Hunt - Howling Gobi 8,,
376,探秘寻宝--黑教堂16,,Treasure Hunt - Edengate 17,,"479, 1745"
377,探秘寻宝-尖叫戈壁9,,Treasure Hunt - Howling Gobi 9,,
378,探秘寻宝--黑教堂17,,Treasure Hunt - Edengate 16,,"557, 1873"
379,探秘寻宝-尖叫戈壁10,,Treasure Hunt - Howling Gobi 10,,
380,探秘寻宝--黑教堂19,,Treasure Hunt - Edengate 17,,"599, 1752"
381,探秘寻宝-教堂22,,Treasure Hunt - Edengate 18,,"649, 1923"
386,探秘寻宝--黑教堂30,,Treasure Hunt - Edengate 19,,"564, 1609"
387,探秘寻宝--黑教堂31,,Treasure Hunt - Edengate 20,,"590, 1597"
389,探秘寻宝--黑教堂32,,Treasure Hunt - Edengate 21,,"620, 1603"
393,探秘寻宝--黑教堂33,,Treasure Hunt - Edengate 22,,"724, 1601"
394,探秘寻宝--黑教堂34,,Treasure Hunt - Edengate 23,,"869, 1641"
395,探秘寻宝--黑教堂35,,Treasure Hunt - Edengate 24,,"852, 1672"
396,探秘寻宝--黑教堂36,,Treasure Hunt - Edengate 25,,"815, 1690"
397,探秘寻宝--黑教堂37,,Treasure Hunt - Edengate 26,,"824, 1732"
402,探秘寻宝-尖叫戈壁11,,Treasure Hunt - Howling Gobi 11,,
404,探秘寻宝-尖叫戈壁12,,Treasure Hunt - Howling Gobi 12,,
406,探秘寻宝-尖叫戈壁13,,Treasure Hunt - Howling Gobi 13,,
407,探秘寻宝-尖叫戈壁14,,Treasure Hunt - Howling Gobi 14,,
410,探秘寻宝--黑教堂38,,Treasure Hunt - Edengate 27,,"847, 1818"
411,探秘寻宝--黑教堂39,,Treasure Hunt - Edengate 28,,"792, 1824"
412,探秘寻宝--黑教堂40,,Treasure Hunt - Edengate 29,,"715, 1827"
417,探秘寻宝-尖叫戈壁15,,Treasure Hunt - Howling Gobi 15,,
418,探秘寻宝-尖叫戈壁16,,Treasure Hunt - Howling Gobi 16,,
420,探秘寻宝-尖叫戈壁17,,Treasure Hunt - Howling Gobi 17,,
424,探秘寻宝--黑教堂41,,Treasure Hunt - Edengate 30,,"695, 1860"
425,探秘寻宝-尖叫戈壁18,,Treasure Hunt - Howling Gobi 18,,
426,探秘寻宝-尖叫戈壁19,,Treasure Hunt - Howling Gobi 19,,
427,探秘寻宝--黑教堂42,,Treasure Hunt - Edengate 31,,"716, 1929"
428,探秘寻宝-尖叫戈壁20,,Treasure Hunt - Howling Gobi 20,,
430,探秘寻宝--通讯塔44,,Treasure Hunt - Edengate 32,,"866, 1906"
431,探秘寻宝--通讯塔45,,Treasure Hunt - Edengate 33,,"846, 2014"
432,探秘寻宝-尖叫戈壁21,,Treasure Hunt - Howling Gobi 21,,
433,探秘寻宝--通讯塔46,,Treasure Hunt - Edengate 34,under the stairs,"803, 2030"
434,探秘寻宝-尖叫戈壁22,,Treasure Hunt - Howling Gobi 22,,
435,探秘寻宝--通讯塔49,,Treasure Hunt - Edengate 35,outside the wall,"908, 2023"
439,探秘寻宝--通讯塔52,,Treasure Hunt - Edengate 36,under broken bridge,"972, 1931"
441,探秘寻宝--通讯塔53,,Treasure Hunt - Edengate 37,,"961, 1877"
442,探秘寻宝--通讯塔55,,Treasure Hunt - Edengate 38,,"935, 1806"
443,探秘寻宝--通讯塔60,,Treasure Hunt - Edengate 39,,"929, 1739"
444,探秘寻宝--通讯塔61,,Treasure Hunt - Edengate 40,,"1002, 1719"
445,探秘寻宝--通讯塔62,,Treasure Hunt - Edengate 41,,"1068, 1754"
446,探秘寻宝--地铁站,,Treasure Hunt - Edengate 42,,"1054, 1945"
447,探秘寻宝--地铁站2,,Treasure Hunt - Edengate 43,,"1056, 1900"
448,探秘寻宝--地铁站3,,Treasure Hunt - Edengate 44,,"1215, 1981"
449,探秘寻宝--地铁站4,,Treasure Hunt - Edengate 45,,"1267, 1991"
450,探秘寻宝--地铁站5,,Treasure Hunt - Edengate 46,,"1268, 1898"
451,探秘寻宝--地铁站6,,Treasure Hunt - Edengate 47,,"1203, 1686"
452,探秘寻宝--地铁站7,,Treasure Hunt - Edengate 48,,"1245, 1652"
453,探秘寻宝--地铁站11,,Treasure Hunt - Edengate 49,,"1389, 1912"
454,探秘寻宝--地铁站12,,Treasure Hunt - Edengate 50,,"1436, 1908"
455,探秘寻宝--地铁站13,,Treasure Hunt - Edengate 51,,"1429, 1846"
456,探秘寻宝--地铁站14,,Treasure Hunt - Edengate 52,,"1410, 1805"
457,探秘寻宝--地铁站15,,Treasure Hunt - Edengate 53,,"1474, 1762"
458,探秘寻宝--地铁站16,,Treasure Hunt - Edengate 54,,"1666, 1920"
459,探秘寻宝--地铁站17,,Treasure Hunt - Edengate 55,,"1648, 1855"
460,探秘寻宝--地铁站18,,Treasure Hunt - Edengate 56,,"1745, 1800"
461,探秘寻宝--地铁站19,,Treasure Hunt - Edengate 57,,"1617, 1725"
462,探秘寻宝--地铁站20,,Treasure Hunt - Edengate 58,,"1596, 1692"
463,探秘寻宝--地铁站22,,Treasure Hunt - Edengate 59,,"1529, 1609"
464,探秘寻宝--地铁站25,,Treasure Hunt - Edengate 60,,"1619, 1537"
465,探秘寻宝--地铁站23,,Treasure Hunt - Edengate 61,,"1686, 1483"
466,探秘寻宝--地铁站26,,Treasure Hunt - Edengate 62,on bridge tower,"1745, 1677"
467,探秘寻宝--地铁站30,,Treasure Hunt - Edengate 63,,"1720, 1412"
468,探秘寻宝--地铁站31,,Treasure Hunt - Edengate 64,,"1889, 1536"
469,探秘寻宝--地铁站40,,Treasure Hunt - Edengate 65,,"457, 1483"
470,探秘寻宝--地铁站42,,Treasure Hunt - Edengate 66,,
471,探秘寻宝--地铁站43,,Treasure Hunt - Edengate 67,,"731, 1490"
472,探秘寻宝--地铁站44,,Treasure Hunt - Edengate 68,,"843, 1472"
473,探秘寻宝--地铁站45,,Treasure Hunt - Edengate 69,,"973, 1473"
474,探秘寻宝--地铁站47,,Treasure Hunt - Edengate 70,,"931, 1426"
475,探秘寻宝--地铁站46,,Treasure Hunt - Edengate 71,,"1061, 1556"
476,探秘寻宝--地铁站48,,Treasure Hunt - Edengate 72,,"1066, 1513"
477,探秘寻宝--地铁站49,,Treasure Hunt - Edengate 73,,"1122, 1443"
478,探秘寻宝--地铁站60,,Treasure Hunt - Edengate 74,,"1157, 1415"
479,探秘寻宝--地铁站50,,Treasure Hunt - Edengate 75,,"1191, 1413"
480,探秘寻宝-尖叫戈壁23,,Treasure Hunt - Howling Gobi 23,,
481,探秘寻宝-尖叫戈壁24,,Treasure Hunt - Howling Gobi 24,,
482,探秘寻宝-尖叫戈壁25,,Treasure Hunt - Howling Gobi 25,,
483,探秘寻宝-尖叫戈壁26,,Treasure Hunt - Howling Gobi 26,,
484,探秘寻宝-尖叫戈壁27,,Treasure Hunt - Howling Gobi 27,,
485,探秘寻宝-尖叫戈壁28,,Treasure Hunt - Howling Gobi 28,,
486,探秘寻宝-尖叫戈壁29,,Treasure Hunt - Howling Gobi 29,,
487,探秘寻宝-尖叫戈壁30,,Treasure Hunt - Howling Gobi 30,,
488,探秘寻宝-尖叫戈壁31,,Treasure Hunt - Howling Gobi 31,,
489,探秘寻宝--地铁站51,,Treasure Hunt - Edengate 76,,"1358, 1559"
490,探秘寻宝-尖叫戈壁32,,Treasure Hunt - Howling Gobi 32,,
491,探秘寻宝--地铁站52,,Treasure Hunt - Edengate 77,,"1377, 1483"
492,探秘寻宝-尖叫戈壁33,,Treasure Hunt - Howling Gobi 33,,
493,探秘寻宝34,,Treasure Hunt - Howling Gobi 34,,
494,探秘寻宝-尖叫戈壁35,,Treasure Hunt - Howling Gobi 35,,
495,探秘寻宝--地铁站53,,Treasure Hunt - Edengate 78,,"1438, 1513"
496,探秘寻宝-尖叫戈壁36,,Treasure Hunt - Howling Gobi 36,,
497,探秘寻宝--二号1,,Treasure Hunt - Edengate 79,,"1679, 1278"
498,探秘寻宝-尖叫戈壁37,,Treasure Hunt - Howling Gobi 37,,
499,探秘寻宝-尖叫戈壁38,,Treasure Hunt - Howling Gobi 38,,
501,探秘寻宝-尖叫戈壁39,,Treasure Hunt - Howling Gobi 39,,
502,探秘寻宝--二号3,,Treasure Hunt - Edengate 40,,"1655, 1220"
503,探秘寻宝-尖叫戈壁40,,Treasure Hunt - Howling Gobi 40,,
504,探秘寻宝-尖叫戈壁41,,Treasure Hunt - Howling Gobi 41,,
505,探秘寻宝-尖叫戈壁42,,Treasure Hunt - Howling Gobi 42,,
506,探秘寻宝-尖叫戈壁43,,Treasure Hunt - Howling Gobi 43,,
507,探秘寻宝-尖叫戈壁44,,Treasure Hunt - Howling Gobi 44,,
508,探秘寻宝-尖叫戈壁45,,Treasure Hunt - Howling Gobi 45,,
509,探秘寻宝-尖叫戈壁46,,Treasure Hunt - Howling Gobi 46,,
510,探秘寻宝-尖叫戈壁47,,Treasure Hunt - Howling Gobi 47,,
511,探秘寻宝-尖叫戈壁48,,Treasure Hunt - Howling Gobi 48,,
512,探秘寻宝-尖叫戈壁49,,Treasure Hunt - Howling Gobi 49,,
513,探秘寻宝-尖叫戈壁50,,Treasure Hunt - Howling Gobi 50,,
514,探秘寻宝-尖叫戈壁51,,Treasure Hunt - Howling Gobi 51,,
515,探秘寻宝-尖叫戈壁52,,Treasure Hunt - Howling Gobi 52,,
516,探秘寻宝-尖叫戈壁53,,Treasure Hunt - Howling Gobi 53,,
517,探秘寻宝-尖叫戈壁54,,Treasure Hunt - Howling Gobi 54,,
518,探秘寻宝-尖叫戈壁55,,Treasure Hunt - Howling Gobi 55,,
519,探秘寻宝-尖叫戈壁56,,Treasure Hunt - Howling Gobi 56,,
520,探秘寻宝-尖叫戈壁57,,Treasure Hunt - Howling Gobi 57,,
521,探秘寻宝-尖叫戈壁58,,Treasure Hunt - Howling Gobi 58,,
522,探秘寻宝-尖叫戈壁59,,Treasure Hunt - Howling Gobi 59,,
523,探秘寻宝-尖叫戈壁60,,Treasure Hunt - Howling Gobi 60,,
524,探秘寻宝-尖叫戈壁61,,Treasure Hunt - Howling Gobi 61,,
525,探秘寻宝-尖叫戈壁62,,Treasure Hunt - Howling Gobi 62,,
526,探秘寻宝-尖叫戈壁63,,Treasure Hunt - Howling Gobi 63,,
527,探秘寻宝-尖叫戈壁64,,Treasure Hunt - Howling Gobi 64,,
528,探秘寻宝-尖叫戈壁65,,Treasure Hunt - Howling Gobi 65,,
529,探秘寻宝-尖叫戈壁66,,Treasure Hunt - Howling Gobi 66,,
530,探秘寻宝-尖叫戈壁67,,Treasure Hunt - Howling Gobi 67,,
531,探秘寻宝-尖叫戈壁68,,Treasure Hunt - Howling Gobi 68,,
532,探秘寻宝-尖叫戈壁69,,Treasure Hunt - Howling Gobi 69,,
533,探秘寻宝-尖叫戈壁70,,Treasure Hunt - Howling Gobi 70,,
534,探秘寻宝-尖叫戈壁71,,Treasure Hunt - Howling Gobi 71,,
535,探秘寻宝-尖叫戈壁72,,Treasure Hunt - Howling Gobi 72,,
536,探秘寻宝-尖叫戈壁73,,Treasure Hunt - Howling Gobi 73,,
537,探秘寻宝-尖叫戈壁74,,Treasure Hunt - Howling Gobi 74,,
538,探秘寻宝-尖叫戈壁75,,Treasure Hunt - Howling Gobi 75,,
539,探秘寻宝-尖叫戈壁76,,Treasure Hunt - Howling Gobi 76,,
540,探秘寻宝-尖叫戈壁77,,Treasure Hunt - Howling Gobi 77,,
541,探秘寻宝-尖叫戈壁78,,Treasure Hunt - Howling Gobi 78,,
542,探秘寻宝-尖叫戈壁79,,Treasure Hunt - Howling Gobi 79,,
543,探秘寻宝-尖叫戈壁80,,Treasure Hunt - Howling Gobi 80,,
544,探秘寻宝-尖叫戈壁81,,Treasure Hunt - Howling Gobi 81,,
545,探秘寻宝-尖叫戈壁82,,Treasure Hunt - Howling Gobi 82,,
546,探秘寻宝-尖叫戈壁83,,Treasure Hunt - Howling Gobi 83,,
547,探秘寻宝-尖叫戈壁84,,Treasure Hunt - Howling Gobi 84,,
548,探秘寻宝-尖叫戈壁85,,Treasure Hunt - Howling Gobi 85,,
549,探秘寻宝-尖叫戈壁86,,Treasure Hunt - Howling Gobi 86,,
550,探秘寻宝-尖叫戈壁87,,Treasure Hunt - Howling Gobi 87,,
551,探秘寻宝-尖叫戈壁88,,Treasure Hunt - Howling Gobi 88,,
552,探秘寻宝-尖叫戈壁89,,Treasure Hunt - Howling Gobi 89,,
553,探秘寻宝-尖叫戈壁90,,Treasure Hunt - Howling Gobi 90,,
554,探秘寻宝-尖叫戈壁91,,Treasure Hunt - Howling Gobi 91,,
555,探秘寻宝-尖叫戈壁92,,Treasure Hunt - Howling Gobi 92,,
556,探秘寻宝-尖叫戈壁93,,Treasure Hunt - Howling Gobi 93,,
557,探秘寻宝-尖叫戈壁94,,Treasure Hunt - Howling Gobi 94,,
558,探秘寻宝-尖叫戈壁95,,Treasure Hunt - Howling Gobi 95,,
559,探秘寻宝-尖叫戈壁96,,Treasure Hunt - Howling Gobi 96,,
560,探秘寻宝-尖叫戈壁97,,Treasure Hunt - Howling Gobi 97,,
561,探秘寻宝-尖叫戈壁98,,Treasure Hunt - Howling Gobi 98,,
562,探秘寻宝-尖叫戈壁99,,Treasure Hunt - Howling Gobi 99,,
563,探秘寻宝-尖叫戈壁100,,Treasure Hunt - Howling Gobi 100,,
564,探秘寻宝-尖叫戈壁101,,Treasure Hunt - Howling Gobi 101,,
565,探秘寻宝-尖叫戈壁102,,Treasure Hunt - Howling Gobi 102,,
566,探秘寻宝-尖叫戈壁103,,Treasure Hunt - Howling Gobi 103,,
567,探秘寻宝-尖叫戈壁104,,Treasure Hunt - Howling Gobi 104,,
568,探秘寻宝-尖叫戈壁105,,Treasure Hunt - Howling Gobi 105,,
569,探秘寻宝-尖叫戈壁106,,Treasure Hunt - Howling Gobi 106,,
570,探秘寻宝-尖叫戈壁107,,Treasure Hunt - Howling Gobi 107,,
571,探秘寻宝-尖叫戈壁108,,Treasure Hunt - Howling Gobi 108,,
572,探秘寻宝-尖叫戈壁109,,Treasure Hunt - Howling Gobi 109,,
573,探秘寻宝-尖叫戈壁110,,Treasure Hunt - Howling Gobi 110,,
574,探秘寻宝-尖叫戈壁111,,Treasure Hunt - Howling Gobi 111,,
575,探秘寻宝-尖叫戈壁112,,Treasure Hunt - Howling Gobi 112,,
576,探秘寻宝-尖叫戈壁113,,Treasure Hunt - Howling Gobi 113,,
577,探秘寻宝-尖叫戈壁114,,Treasure Hunt - Howling Gobi 114,,
578,探秘寻宝-尖叫戈壁115,,Treasure Hunt - Howling Gobi 115,,
579,探秘寻宝-尖叫戈壁116,,Treasure Hunt - Howling Gobi 116,,
580,探秘寻宝-尖叫戈壁117,,Treasure Hunt - Howling Gobi 117,,
581,探秘寻宝-尖叫戈壁118,,Treasure Hunt - Howling Gobi 118,,
582,探秘寻宝-尖叫戈壁119,,Treasure Hunt - Howling Gobi 119,,
583,探秘寻宝-尖叫戈壁120,,Treasure Hunt - Howling Gobi 120,,
584,探秘寻宝-尖叫戈壁121,,Treasure Hunt - Howling Gobi 121,,
585,探秘寻宝-尖叫戈壁122,,Treasure Hunt - Howling Gobi 122,,
587,探秘寻宝-尖叫戈壁123,,Treasure Hunt - Howling Gobi 123,,
588,探秘寻宝-尖叫戈壁124,,Treasure Hunt - Howling Gobi 124,,
590,探秘寻宝-尖叫戈壁125,,Treasure Hunt - Howling Gobi 125,,
592,探秘寻宝-尖叫戈壁126,,Treasure Hunt - Howling Gobi 126,,
593,探秘寻宝-尖叫戈壁127,,Treasure Hunt - Howling Gobi 127,,
596,探秘寻宝-尖叫戈壁128,,Treasure Hunt - Howling Gobi 128,,
598,探秘寻宝-尖叫戈壁129,,Treasure Hunt - Howling Gobi 129,,
599,探秘寻宝-尖叫戈壁130,,Treasure Hunt - Howling Gobi 130,,
601,探秘寻宝-尖叫戈壁131,,Treasure Hunt - Howling Gobi 131,,
602,探秘寻宝-尖叫戈壁133,,Treasure Hunt - Howling Gobi 132,,
603,探秘寻宝-尖叫戈壁132,,Treasure Hunt - Howling Gobi 133,,
604,探秘寻宝-尖叫戈壁134,,Treasure Hunt - Howling Gobi 134,,
606,探秘寻宝-尖叫戈壁135,,Treasure Hunt - Howling Gobi 135,,
607,探秘寻宝-尖叫戈壁136,,Treasure Hunt - Howling Gobi 136,,
608,探秘寻宝-尖叫戈壁137,,Treasure Hunt - Howling Gobi 137,,
609,探秘寻宝-尖叫戈壁138,,Treasure Hunt - Howling Gobi 138,,
610,探秘寻宝-尖叫戈壁139,,Treasure Hunt - Howling Gobi 139,,
615,探秘寻宝--二号6,,Treasure Hunt - Edengate 41,,"1450, 1287"
620,探秘寻宝--二号8,,Treasure Hunt - Edengate 42,,"1550, 1310"
621,探秘寻宝--二号9,,Treasure Hunt - Edengate 43,,"1498, 1230"
622,探秘寻宝--二号11,,Treasure Hunt - Edengate 44,,"1430, 1250"
623,探秘寻宝--二号12,,Treasure Hunt - Edengate 45,inside cargo box,"1449, 1170"
625,探秘寻宝--二号13,,Treasure Hunt - Edengate 46,move the ball into container ,"1353, 1193"
627,探秘寻宝--二号19,,Treasure Hunt - Edengate 47,,"1377, 1297"
628,探秘寻宝--地铁站36,,Treasure Hunt - Edengate 48,,"1342, 1130"
630,探秘寻宝--二号36,,Treasure Hunt - Edengate 49,need correction mark Positioning ,"1441, 1378"
631,探秘寻宝-尖叫戈壁140,,Treasure Hunt - Howling Gobi 140,,
632,探秘寻宝--二号25,,Treasure Hunt - Edengate ,,"1242, 1273"
634,探秘寻宝-尖叫戈壁141,,Treasure Hunt - Howling Gobi 141,,
635,探秘寻宝-尖叫戈壁142,,Treasure Hunt - Howling Gobi 142,,
637,探秘寻宝--二号35,,Treasure Hunt - Edengate 50,,"1284, 1356"
638,探秘寻宝-尖叫戈壁143,,Treasure Hunt - Howling Gobi 143,,
639,探秘寻宝-尖叫戈壁144,,Treasure Hunt - Howling Gobi 144,,
641,探秘寻宝-尖叫戈壁145,,Treasure Hunt - Howling Gobi 145,,
642,探秘寻宝-尖叫戈壁146,,Treasure Hunt - Howling Gobi 146,,
643,探秘寻宝--二号36,,Treasure Hunt - Edengate 51,,"1614, 1150"
644,探秘寻宝-尖叫戈壁147,,Treasure Hunt - Howling Gobi 147,,
645,探秘寻宝--迷雾1,,Treasure Hunt - Edengate 52,above a tent,"1469, 972"
646,探秘寻宝-尖叫戈壁148,,Treasure Hunt - Howling Gobi 148,,
647,探秘寻宝-尖叫戈壁149,,Treasure Hunt - Howling Gobi 149,,
648,探秘寻宝--迷雾2,,Treasure Hunt - Edengate 53,,"1495, 885"
649,探秘寻宝-尖叫戈壁150,,Treasure Hunt - Howling Gobi 150,,
650,探秘寻宝--迷雾3,,Treasure Hunt - Edengate 54,,"1549, 954"
653,探秘寻宝--迷雾5,,Treasure Hunt - Edengate 55,,"1437, 815"
654,探秘寻宝--迷雾6,,Treasure Hunt - Edengate 56,need correction mark positioning ,"1570, 864"
656,探秘寻宝--迷雾7,,Treasure Hunt - Edengate 57,"look up, on the neon side ","1394, 662"
657,探秘寻宝--迷雾8,,Treasure Hunt - Edengate 58,,"1385, 569"
659,探秘寻宝--迷雾9,,Treasure Hunt - Edengate 59,,"1443, 630"
661,探秘寻宝--迷雾10,,Treasure Hunt - Edengate 60,,"1468, 617"
662,探秘寻宝-尖叫戈壁151,,Treasure Hunt - Howling Gobi 151,,
663,探秘寻宝--迷雾11,,Treasure Hunt - Edengate 61,,"1525, 601"
664,探秘寻宝--迷雾15,,Treasure Hunt - Edengate 62,,"1563, 423"
665,探秘寻宝--迷雾16,,Treasure Hunt - Edengate 63,,"1563, 337"
668,探秘寻宝-尖叫戈壁152,,Treasure Hunt - Howling Gobi 152,,
669,探秘寻宝--迷雾17,,Treasure Hunt - Edengate 64,,"1692, 727"
670,探秘寻宝-尖叫戈壁153,,Treasure Hunt - Howling Gobi 153,,
672,探秘寻宝-尖叫戈壁154,,Treasure Hunt - Howling Gobi 154,,
673,探秘寻宝--迷雾18,,Treasure Hunt - Edengate 65,,"1754, 804"
674,探秘寻宝-尖叫戈壁155,,Treasure Hunt - Howling Gobi 155,,
675,探秘寻宝-尖叫戈壁156,,Treasure Hunt - Howling Gobi 156,,
677,探秘寻宝--迷雾22,,Treasure Hunt - Edengate 66,,"1961, 753"
678,探秘寻宝-尖叫戈壁157,,Treasure Hunt - Howling Gobi 157,,
679,探秘寻宝--迷雾25,,Treasure Hunt - Edengate 67,,"1681, 514"
680,探秘寻宝-尖叫戈壁158,,Treasure Hunt - Howling Gobi 158,,
681,探秘寻宝-尖叫戈壁159,,Treasure Hunt - Howling Gobi 159,,
682,探秘寻宝--迷雾24,,Treasure Hunt - Edengate 68,,"1720, 395"
683,探秘寻宝-尖叫戈壁160,,Treasure Hunt - Howling Gobi 160,,
685,探秘寻宝-尖叫戈壁161,,Treasure Hunt - Howling Gobi 161,,
686,探秘寻宝--迷雾40,,Treasure Hunt - Edengate 69,,"1811, 521"
687,探秘寻宝-尖叫戈壁162,,Treasure Hunt - Howling Gobi 162,,
688,探秘寻宝--迷雾41,,Treasure Hunt - Edengate 70,,"1829, 515"
690,探秘寻宝-尖叫戈壁163,,Treasure Hunt - Howling Gobi 163,,
691,探秘寻宝--迷雾43,,Treasure Hunt - Edengate 71,,"1859, 464"
692,探秘寻宝-尖叫戈壁164,,Treasure Hunt - Howling Gobi 164,,
693,探秘寻宝-尖叫戈壁165,,Treasure Hunt - Howling Gobi 165,,
694,探秘寻宝--迷雾45,,Treasure Hunt - Edengate 72,,"1899, 500"
695,探秘寻宝-尖叫戈壁166,,Treasure Hunt - Howling Gobi 166,,
696,探秘寻宝-尖叫戈壁167,,Treasure Hunt - Howling Gobi 167,,
697,探秘寻宝-尖叫戈壁168,,Treasure Hunt - Howling Gobi 168,,
698,探秘寻宝-尖叫戈壁169,,Treasure Hunt - Howling Gobi 169,,
699,探秘寻宝-尖叫戈壁170,,Treasure Hunt - Howling Gobi 170,,
701,探秘寻宝-尖叫戈壁171,,Treasure Hunt - Howling Gobi 171,,
702,探秘寻宝-尖叫戈壁172,,Treasure Hunt - Howling Gobi 172,,
703,探秘寻宝-尖叫戈壁173,,Treasure Hunt - Howling Gobi 173,,
704,探秘寻宝-尖叫戈壁174,,Treasure Hunt - Howling Gobi 174,,
705,探秘寻宝-尖叫戈壁175,,Treasure Hunt - Howling Gobi 175,,
706,探秘寻宝-尖叫戈壁176,,Treasure Hunt - Howling Gobi 176,,
707,探秘寻宝-尖叫戈壁177,,Treasure Hunt - Howling Gobi 177,,
710,探秘寻宝-尖叫戈壁178,,Treasure Hunt - Howling Gobi 178,,
712,探秘寻宝-尖叫戈壁179,,Treasure Hunt - Howling Gobi 179,,
713,探秘寻宝-尖叫戈壁180,,Treasure Hunt - Howling Gobi 180,,
714,探秘寻宝-尖叫戈壁181,,Treasure Hunt - Howling Gobi 181,,
716,探秘寻宝-尖叫戈壁182,,Treasure Hunt - Howling Gobi 182,,
717,探秘寻宝-尖叫戈壁183,,Treasure Hunt - Howling Gobi 183,,
719,探秘寻宝-尖叫戈壁184,,Treasure Hunt - Howling Gobi 184,,
720,探秘寻宝-尖叫戈壁185,,Treasure Hunt - Howling Gobi 185,,
721,探秘寻宝-尖叫戈壁186,,Treasure Hunt - Howling Gobi 186,,
723,探秘寻宝-尖叫戈壁187,,Treasure Hunt - Howling Gobi 187,,
724,探秘寻宝--工厂1,,Treasure Hunt - Edengate 73,,"1339, 1067"
726,探秘寻宝-尖叫戈壁188,,Treasure Hunt - Howling Gobi 188,,
727,探秘寻宝--工厂2,,Treasure Hunt - Edengate 74,,"1203, 1189"
728,探秘寻宝-尖叫戈壁189,,Treasure Hunt - Howling Gobi 189,,
730,探秘寻宝-尖叫戈壁190,,Treasure Hunt - Howling Gobi 190,,
731,探秘寻宝--工厂3,,Treasure Hunt - Edengate 75,,"1151, 1268"
733,探秘寻宝-尖叫戈壁191,,Treasure Hunt - Howling Gobi 191,,
734,探秘寻宝-尖叫戈壁192,,Treasure Hunt - Howling Gob 192,,
735,探秘寻宝--工厂4,,Treasure Hunt - Edengate 76,,"1128, 1330"
736,探秘寻宝-尖叫戈壁193,,Treasure Hunt - Howling Gobi 193,,
738,探秘寻宝--工厂5,,Treasure Hunt - Edengate 77,Step on blue box ,"1017, 1279"
739,探秘寻宝--工厂6,,Treasure Hunt - Edengate 78,need correct mark positioning ,"944, 1210"
740,探秘寻宝-尖叫戈壁194,,Treasure Hunt - Howling Gobi 194,,
741,探秘寻宝-尖叫戈壁195,,Treasure Hunt - Howling Gobi 195,,
742,探秘寻宝-尖叫戈壁196,,Treasure Hunt - Howling Gobi 196,,
743,探秘寻宝--工厂11,,Treasure Hunt - Edengate 79,,"910, 1195"
744,探秘寻宝-尖叫戈壁197,,Treasure Hunt - Howling Gobi 197,,
745,探秘寻宝-尖叫戈壁198,,Treasure Hunt - Howling Gobi 198,,
746,探秘寻宝-尖叫戈壁199,,Treasure Hunt - Howling Gobi 199,,
747,探秘寻宝--工厂12,,Treasure Hunt - Edengate 80,,"906, 1105"
748,探秘寻宝-尖叫戈壁200,,Treasure Hunt - Howling Gobi 200,,
749,探秘寻宝--工厂14,,Treasure Hunt - Edengate 81,need correction mark positioning ,"865, 1087"
750,探秘寻宝-尖叫戈壁201,,Treasure Hunt - Howling Gobi 201,,
751,探秘寻宝-尖叫戈壁202,,Treasure Hunt - Howling Gobi 202,,
752,探秘寻宝--工厂16,,Treasure Hunt - Edengate 82,,"840, 1054"
753,探秘寻宝-尖叫戈壁203,,Treasure Hunt - Howling Gobi 203,,
754,探秘寻宝-尖叫戈壁204,,Treasure Hunt - Howling Gobi 204,,
755,探秘寻宝--工厂17,,Treasure Hunt - Edengate 83,,"853, 1035"
756,探秘寻宝-尖叫戈壁205,,Treasure Hunt - Howling Gobi 205,,
757,探秘寻宝-尖叫戈壁206,,Treasure Hunt - Howling Gob 206,,
758,探秘寻宝--工厂22,,Treasure Hunt - Edengate 84,,
759,探秘寻宝--工厂30,,Treasure Hunt - Edengate 85,,
760,探秘寻宝--工厂32,,Treasure Hunt - Edengate 86,,
762,探秘寻宝--工厂33,,Treasure Hunt - Edengate 87,,
764,探秘寻宝--工34,,Treasure Hunt - Edengate 88,,
768,探秘寻宝-工50,,Treasure Hunt - Edengate 89,,
770,探秘寻宝--工36,,Treasure Hunt - Edengate 90,,
771,探秘寻宝--工37,,Treasure Hunt - Edengate 91,,
773,探秘寻宝--工38,,Treasure Hunt - Edengate 92,,
775,探秘寻宝--工39,,Treasure Hunt - Edengate 93,,
777,探秘寻宝--工40,,Treasure Hunt - Edengate 94,,
784,探秘寻宝--工88,,Treasure Hunt - Edengate 95,,
787,探秘寻宝--工41,,Treasure Hunt - Edengate 96,,
788,探秘寻宝--工43,,Treasure Hunt - Edengate 97,,
789,探秘寻宝--工44,,Treasure Hunt - Edengate 98,,
790,探秘寻宝--工45,,Treasure Hunt - Edengate 99,,
791,探秘寻宝--工46,,Treasure Hunt - Edengate 100,,
792,探秘寻宝--工47,,Treasure Hunt - Edengate 101,,
793,探秘寻宝--工48,,Treasure Hunt - Edengate 102,,
794,探秘寻宝--工49,,Treasure Hunt - Edengate 103,,
795,探秘寻宝--工50,,Treasure Hunt - Edengate 104,,
841,探秘寻宝-工51,,Treasure Hunt - Edengate 105,,
842,探秘寻宝-工52,,Treasure Hunt - Edengate 106,,
843,探秘寻宝-工53,,Treasure Hunt - Edengate 107,,
844,探秘寻宝-工55,,Treasure Hunt - Edengate 108,,
845,探秘寻宝-工55,,Treasure Hunt - Edengate 109,,
846,探秘寻宝-工56,,Treasure Hunt - Edengate 110,,
847,探秘寻宝-工57,,Treasure Hunt - Edengate 111,,
848,探秘寻宝-工58,,Treasure Hunt - Edengate 112,,
849,探秘寻宝-工59,,Treasure Hunt - Edengate 113,,
850,探秘寻宝-工61,,Treasure Hunt - Edengate 114,,
851,探秘寻宝-工62,,Treasure Hunt - Edengate 115,,
852,探秘寻宝-工63,,Treasure Hunt - Edengate 116,,
853,探秘寻宝-工64,,Treasure Hunt - Edengate 117,,
854,探秘寻宝-工65,,Treasure Hunt - Edengate 118,,
855,探秘寻宝-工66,,Treasure Hunt - Edengate 119,,
856,探秘寻宝-工67,,Treasure Hunt - Edengate 120,,
857,探秘寻宝-工68,,Treasure Hunt - Edengate 121,,
858,探秘寻宝-工69,,Treasure Hunt - Edengate 122,,
859,探秘寻宝-工70,,Treasure Hunt - Edengate 123,,
860,探秘寻宝-工71,,Treasure Hunt - Edengate 124,,
861,探秘寻宝-工72,,Treasure Hunt - Edengate 125,,
862,探秘寻宝-工73,,Treasure Hunt - Edengate 126,,
863,探秘寻宝-工74,,Treasure Hunt - Edengate 127,,
864,探秘寻宝-工75,,Treasure Hunt - Edengate 128,,
865,探秘寻宝-工76,,Treasure Hunt - Edengate 129,,
866,探秘寻宝-工77,,Treasure Hunt - Edengate 130,,
867,探秘寻宝-工78,,Treasure Hunt - Edengate 131,,
868,探秘寻宝-工79,,Treasure Hunt - Edengate 132,,
869,探秘寻宝-工80,,Treasure Hunt - Edengate 133,,
870,探秘寻宝-工81,,Treasure Hunt - Edengate 134,,
871,探秘寻宝-工82,,Treasure Hunt - Edengate 135,,
872,探秘寻宝-工83,,Treasure Hunt - Edengate 136,,
873,探秘寻宝-工84,,Treasure Hunt - Edengate 137,,
874,探秘寻宝-工85,,Treasure Hunt - Edengate 138,,
875,探秘寻宝-工86,,Treasure Hunt - Edengate 139,,
876,探秘寻宝-工87,,Treasure Hunt - Edengate 140,,
877,探秘寻宝-工88,,Treasure Hunt - Edengate 141,,
878,探秘寻宝-工89,,Treasure Hunt - Edengate 142,,
879,探秘寻宝-工90,,Treasure Hunt - Edengate 143,,
880,探秘寻宝-工91,,Treasure Hunt - Edengate 144,,
881,探秘寻宝-工92,,Treasure Hunt - Edengate 145,,
882,探秘寻宝-工93,,Treasure Hunt - Edengate 146,,
883,探秘寻宝-工94,,Treasure Hunt - Edengate 147,,
884,探秘寻宝-工95,,Treasure Hunt - Edengate 148,,
885,探秘寻宝-工96,,Treasure Hunt - Edengate 149,,
967,绿洲避难所(分享来自:ta与我同在),,,,
973,树桩的旁边(分享来自:本漠.千殇),,,,
974,装甲车下面(分享来自:本漠.千殇),,,,
975,1266.520(分享来自:快爆用户121845024),,,,
977,1255.582(分享来自:快爆用户121845024),,,,
1008,竞速起点 左手边一直走靠山坡位(分享来自:零下100度6092),,,,
1009,猫头鹰(分享来自:白给骚年w.w),,,,
1062,探秘寻宝-拉贡雪山1,,Treasure Hunt - Ragon Snowy Peak 1,,
1063,探秘寻宝-拉贡雪山2,,Treasure Hunt - Ragon Snowy Peak 2,,
1064,探秘寻宝-拉贡雪山3,,Treasure Hunt - Ragon Snowy Peak 3,,
1065,探秘寻宝-拉贡雪山4,,Treasure Hunt - Ragon Snowy Peak 4,,
1066,探秘寻宝-拉贡雪山5,,Treasure Hunt - Ragon Snowy Peak 5,,
1067,探秘寻宝-拉贡雪山6,,Treasure Hunt - Ragon Snowy Peak 6,,
1068,探秘寻宝-拉贡雪山7,,Treasure Hunt - Ragon Snowy Peak 7,,
1069,探秘寻宝-拉贡雪山8,,Treasure Hunt - Ragon Snowy Peak 8,,
1070,探秘寻宝-拉贡雪山9,,Treasure Hunt - Ragon Snowy Peak 9,,
1071,探秘寻宝-拉贡雪山10,,Treasure Hunt - Ragon Snowy Peak 10,,
1072,探秘寻宝-拉贡雪山11,,Treasure Hunt - Ragon Snowy Peak 11,,
1073,探秘寻宝-拉贡雪山12,,Treasure Hunt - Ragon Snowy Peak 12,,
1074,探秘寻宝-拉贡雪山13,,Treasure Hunt - Ragon Snowy Peak 13,,
1075,探秘寻宝-拉贡雪山14,,Treasure Hunt - Ragon Snowy Peak 14,,
1076,探秘寻宝-拉贡雪山15,,Treasure Hunt - Ragon Snowy Peak 15,,
1077,探秘寻宝-拉贡雪山16,,Treasure Hunt - Ragon Snowy Peak 16,,
1078,探秘寻宝-拉贡雪山17,,Treasure Hunt - Ragon Snowy Peak 17,,
1079,探秘寻宝-拉贡雪山18,,Treasure Hunt - Ragon Snowy Peak 18,,
1080,探秘寻宝-拉贡雪山19,,Treasure Hunt - Ragon Snowy Peak 19,,
1081,探秘寻宝-拉贡雪山20,,Treasure Hunt - Ragon Snowy Peak 20,,
1082,探秘寻宝-拉贡雪山21,,Treasure Hunt - Ragon Snowy Peak 21,,
1083,探秘寻宝-拉贡雪山22,,Treasure Hunt - Ragon Snowy Peak 22,,
1084,探秘寻宝-拉贡雪山23,,Treasure Hunt - Ragon Snowy Peak 23,,
1085,探秘寻宝-拉贡雪山24,,Treasure Hunt - Ragon Snowy Peak 24,,
1087,探秘寻宝-拉贡雪山26,,Treasure Hunt - Ragon Snowy Peak 25,,
1088,探秘寻宝-拉贡雪山27,,Treasure Hunt - Ragon Snowy Peak 26,,
1089,探秘寻宝-拉贡雪山28,,Treasure Hunt - Ragon Snowy Peak 27,,
1090,探秘寻宝-拉贡雪山29,,Treasure Hunt - Ragon Snowy Peak 28,,
1091,探秘寻宝-拉贡雪山30,,Treasure Hunt - Ragon Snowy Peak 29,,
1092,探秘寻宝-拉贡雪山31,,Treasure Hunt - Ragon Snowy Peak 30,,
1093,探秘寻宝-拉贡雪山32,,Treasure Hunt - Ragon Snowy Peak 31,,
1094,探秘寻宝-拉贡雪山33,,Treasure Hunt - Ragon Snowy Peak 32,,
1095,探秘寻宝-拉贡雪山34,,Treasure Hunt - Ragon Snowy Peak 33,,
1096,探秘寻宝-拉贡雪山35,,Treasure Hunt - Ragon Snowy Peak 34,,
1097,探秘寻宝-拉贡雪山36,,Treasure Hunt - Ragon Snowy Peak 35,,
1098,探秘寻宝-拉贡雪山37,,Treasure Hunt - Ragon Snowy Peak 36,,
1099,探秘寻宝-拉贡雪山38,,Treasure Hunt - Ragon Snowy Peak 37,,
1100,探秘寻宝-拉贡雪山39,,Treasure Hunt - Ragon Snowy Peak 38,,
1101,探秘寻宝-拉贡雪山40,,Treasure Hunt - Ragon Snowy Peak 39,,
1102,探秘寻宝-拉贡雪山41,,Treasure Hunt - Ragon Snowy Peak 40,,
1103,探秘寻宝-拉贡雪山42,,Treasure Hunt - Ragon Snowy Peak 41,,
1104,探秘寻宝-拉贡雪山43,,Treasure Hunt - Ragon Snowy Peak 42,,
1105,探秘寻宝-拉贡雪山44,,Treasure Hunt - Ragon Snowy Peak 43,,
1106,探秘寻宝-拉贡雪山30,,Treasure Hunt - Ragon Snowy Peak 44,,
1107,探秘寻宝-拉贡雪山31,,Treasure Hunt - Ragon Snowy Peak 45,,
1108,探秘寻宝-拉贡雪山32,,Treasure Hunt - Ragon Snowy Peak 46,,
1109,探秘寻宝-拉贡雪山33,,Treasure Hunt - Ragon Snowy Peak 47,,
1110,探秘寻宝-拉贡雪山34,,Treasure Hunt - Ragon Snowy Peak 48,,
1111,探秘寻宝-拉贡雪山35,,Treasure Hunt - Ragon Snowy Peak 49,,
1112,探秘寻宝-拉贡雪山36,,Treasure Hunt - Ragon Snowy Peak 50,,
1113,探秘寻宝-拉贡雪山37,,Treasure Hunt - Ragon Snowy Peak 51,,
1114,探秘寻宝-拉贡雪山38,,Treasure Hunt - Ragon Snowy Peak 52,,
1115,探秘寻宝-拉贡雪山39,,Treasure Hunt - Ragon Snowy Peak 53,,
1116,探秘寻宝-拉贡雪山40,,Treasure Hunt - Ragon Snowy Peak 54,,
1117,探秘寻宝-拉贡雪山41,,Treasure Hunt - Ragon Snowy Peak 55,,
1118,探秘寻宝-拉贡雪山42,,Treasure Hunt - Ragon Snowy Peak 56,,
1119,探秘寻宝-拉贡雪山43,,Treasure Hunt - Ragon Snowy Peak 57,,
1120,探秘寻宝-拉贡雪山44,,Treasure Hunt - Ragon Snowy Peak 58,,
1121,探秘寻宝-拉贡雪山45,,Treasure Hunt - Ragon Snowy Peak 59,,
1122,探秘寻宝-拉贡雪山46,,Treasure Hunt - Ragon Snowy Peak 60,,
1123,探秘寻宝-拉贡雪山47,,Treasure Hunt - Ragon Snowy Peak 61,,
1124,探秘寻宝-拉贡雪山48,,Treasure Hunt - Ragon Snowy Peak 62,,
1125,探秘寻宝-拉贡雪山49,,Treasure Hunt - Ragon Snowy Peak 63,,
1126,探秘寻宝-拉贡雪山50,,Treasure Hunt - Ragon Snowy Peak 64,,
1127,探秘寻宝-拉贡雪山51,,Treasure Hunt - Ragon Snowy Peak 65,,
1128,探秘寻宝-拉贡雪山52,,Treasure Hunt - Ragon Snowy Peak 66,,
1129,探秘寻宝-拉贡雪山53,,Treasure Hunt - Ragon Snowy Peak 67,,
1130,探秘寻宝-拉贡雪山54,,Treasure Hunt - Ragon Snowy Peak 68,,
1131,探秘寻宝-拉贡雪山55,,Treasure Hunt - Ragon Snowy Peak 69,,
1132,探秘寻宝-拉贡雪山56,,Treasure Hunt - Ragon Snowy Peak 70,,
1133,探秘寻宝-拉贡雪山57,,Treasure Hunt - Ragon Snowy Peak 71,,
1134,探秘寻宝-拉贡雪山58,,Treasure Hunt - Ragon Snowy Peak 72,,
1135,探秘寻宝-拉贡雪山59,,Treasure Hunt - Ragon Snowy Peak 73,,
1136,探秘寻宝-拉贡雪山60,,Treasure Hunt - Ragon Snowy Peak 74,,
1137,探秘寻宝-拉贡雪山61,,Treasure Hunt - Ragon Snowy Peak 75,,
1138,探秘寻宝-拉贡雪山62,,Treasure Hunt - Ragon Snowy Peak 76,,
1139,探秘寻宝-拉贡雪山48,,Treasure Hunt - Ragon Snowy Peak 77,,
1140,探秘寻宝-拉贡雪山49,,Treasure Hunt - Ragon Snowy Peak 78,,
1141,探秘寻宝-拉贡雪山50,,Treasure Hunt - Ragon Snowy Peak 79,,
1142,探秘寻宝-拉贡雪山51,,Treasure Hunt - Ragon Snowy Peak 80,,
1143,探秘寻宝-拉贡雪山52,,Treasure Hunt - Ragon Snowy Peak 81,,
1144,探秘寻宝-拉贡雪山53,,Treasure Hunt - Ragon Snowy Peak 82,,
1145,探秘寻宝-拉贡雪山54,,Treasure Hunt - Ragon Snowy Peak 83,,
1146,探秘寻宝-拉贡雪山55,,Treasure Hunt - Ragon Snowy Peak 84,,
1147,探秘寻宝-拉贡雪山56,,Treasure Hunt - Ragon Snowy Peak 85,,
1148,探秘寻宝-拉贡雪山57,,Treasure Hunt - Ragon Snowy Peak 86,,
1149,探秘寻宝-拉贡雪山58,,Treasure Hunt - Ragon Snowy Peak 87,,
1150,探秘寻宝-拉贡雪山59,,Treasure Hunt - Ragon Snowy Peak 88,,
1151,探秘寻宝-拉贡雪山60,,Treasure Hunt - Ragon Snowy Peak 89,,
1152,探秘寻宝-拉贡雪山61,,Treasure Hunt - Ragon Snowy Peak 90,,
1153,探秘寻宝-拉贡雪山62,,Treasure Hunt - Ragon Snowy Peak 91,,
1154,探秘寻宝-拉贡雪山63,,Treasure Hunt - Ragon Snowy Peak 92,,
1155,探秘寻宝-拉贡雪山64,,Treasure Hunt - Ragon Snowy Peak 93,,
1156,探秘寻宝-拉贡雪山65,,Treasure Hunt - Ragon Snowy Peak 94,,
1157,探秘寻宝-拉贡雪山66,,Treasure Hunt - Ragon Snowy Peak 95,,
1158,探秘寻宝-拉贡雪山67,,Treasure Hunt - Ragon Snowy Peak 96,,
1159,探秘寻宝-拉贡雪山68,,Treasure Hunt - Ragon Snowy Peak 97,,
1160,探秘寻宝-拉贡雪山69,,Treasure Hunt - Ragon Snowy Peak 98,,
1161,探秘寻宝-拉贡雪山70,,Treasure Hunt - Ragon Snowy Peak 99,,
1162,探秘寻宝-拉贡雪山71,,Treasure Hunt - Ragon Snowy Peak 100,,
1163,探秘寻宝-拉贡雪山72,,Treasure Hunt - Ragon Snowy Peak 101,,
1164,探秘寻宝-拉贡雪山73,,Treasure Hunt - Ragon Snowy Peak 102,,
1165,探秘寻宝-拉贡雪山74,,Treasure Hunt - Ragon Snowy Peak 103,,
1166,探秘寻宝-拉贡雪山75,,Treasure Hunt - Ragon Snowy Peak 104,,
1167,探秘寻宝-拉贡雪山76,,Treasure Hunt - Ragon Snowy Peak 105,,
1168,探秘寻宝-拉贡雪山77,,Treasure Hunt - Ragon Snowy Peak 106,,
1169,探秘寻宝-拉贡雪山78,,Treasure Hunt - Ragon Snowy Peak 107,,
1170,探秘寻宝-拉贡雪山79,,Treasure Hunt - Ragon Snowy Peak 108,,
1171,探秘寻宝-拉贡雪山80,,Treasure Hunt - Ragon Snowy Peak 109,,
1172,探秘寻宝-拉贡雪山81,,Treasure Hunt - Ragon Snowy Peak 110,,
1173,探秘寻宝-拉贡雪山82,,Treasure Hunt - Ragon Snowy Peak 111,,
1174,探秘寻宝-拉贡雪山83,,Treasure Hunt - Ragon Snowy Peak 112,,
1175,探秘寻宝-拉贡雪山84,,Treasure Hunt - Ragon Snowy Peak 113,,
1176,探秘寻宝-拉贡雪山85,,Treasure Hunt - Ragon Snowy Peak 114,,
1177,探秘寻宝-拉贡雪山86,,Treasure Hunt - Ragon Snowy Peak 115,,
1178,探秘寻宝-拉贡雪山87,,Treasure Hunt - Ragon Snowy Peak 116,,
1179,探秘寻宝-拉贡雪山88,,Treasure Hunt - Ragon Snowy Peak 117,,
1180,探秘寻宝-拉贡雪山89,,Treasure Hunt - Ragon Snowy Peak 118,,
1181,探秘寻宝-拉贡雪山90,,Treasure Hunt - Ragon Snowy Peak 119,,
1182,探秘寻宝-拉贡雪山91,,Treasure Hunt - Ragon Snowy Peak 120,,
1183,探秘寻宝-拉贡雪山92,,Treasure Hunt - Ragon Snowy Peak 121,,
1184,探秘寻宝-拉贡雪山93,,Treasure Hunt - Ragon Snowy Peak 122,,
1185,探秘寻宝-拉贡雪山94,,Treasure Hunt - Ragon Snowy Peak 123,,
1186,探秘寻宝-拉贡雪山95,,Treasure Hunt - Ragon Snowy Peak 124,,
1187,探秘寻宝-拉贡雪山96,,Treasure Hunt - Ragon Snowy Peak 125,,
1188,探秘寻宝-拉贡雪山97,,Treasure Hunt - Ragon Snowy Peak 126,,
1189,探秘寻宝-拉贡雪山98,,Treasure Hunt - Ragon Snowy Peak 127,,
1190,探秘寻宝-拉贡雪山99,,Treasure Hunt - Ragon Snowy Peak 128,,
1191,探秘寻宝-拉贡雪山100,,Treasure Hunt - Ragon Snowy Peak 129,,
1192,探秘寻宝-拉贡雪山101,,Treasure Hunt - Ragon Snowy Peak 130,,
1193,探秘寻宝-拉贡雪山102,,Treasure Hunt - Ragon Snowy Peak 131,,
1194,探秘寻宝-拉贡雪山103,,Treasure Hunt - Ragon Snowy Peak 132,,
1195,探秘寻宝-拉贡雪山104,,Treasure Hunt - Ragon Snowy Peak 133,,
1196,探秘寻宝-拉贡雪山105,,Treasure Hunt - Ragon Snowy Peak 134,,
1197,探秘寻宝-拉贡雪山106,,Treasure Hunt - Ragon Snowy Peak 135,,
1198,探秘寻宝-拉贡雪山107,,Treasure Hunt - Ragon Snowy Peak 136,,
1199,探秘寻宝-拉贡雪山108,,Treasure Hunt - Ragon Snowy Peak 137,,
1200,探秘寻宝-拉贡雪山109,,Treasure Hunt - Ragon Snowy Peak 138,,
1201,探秘寻宝-拉贡雪山110,,Treasure Hunt - Ragon Snowy Peak 139,,
1202,探秘寻宝-拉贡雪山111,,Treasure Hunt - Ragon Snowy Peak 140,,
1203,探秘寻宝-拉贡雪山112,,Treasure Hunt - Ragon Snowy Peak 141,,
1204,探秘寻宝-拉贡雪山113,,Treasure Hunt - Ragon Snowy Peak 142,,
1205,探秘寻宝-拉贡雪山114,,Treasure Hunt - Ragon Snowy Peak 143,,
1206,探秘寻宝-拉贡雪山115,,Treasure Hunt - Ragon Snowy Peak 144,,
1207,探秘寻宝-拉贡雪山116,,Treasure Hunt - Ragon Snowy Peak 145,,
1208,探秘寻宝-拉贡雪山117,,Treasure Hunt - Ragon Snowy Peak 146,,
1209,探秘寻宝-拉贡雪山118,,Treasure Hunt - Ragon Snowy Peak 147,,
1210,探秘寻宝-拉贡雪山119,,Treasure Hunt - Ragon Snowy Peak 148,,
1211,探秘寻宝-拉贡雪山120,,Treasure Hunt - Ragon Snowy Peak 149,,
1212,探秘寻宝-拉贡雪山121,,Treasure Hunt - Ragon Snowy Peak 150,,
1213,探秘寻宝-拉贡雪山122,,Treasure Hunt - Ragon Snowy Peak 151,,
1214,探秘寻宝-拉贡雪山123,,Treasure Hunt - Ragon Snowy Peak 152,,
1215,探秘寻宝-拉贡雪山124,,Treasure Hunt - Ragon Snowy Peak 153,,
1216,探秘寻宝-拉贡雪山125,,Treasure Hunt - Ragon Snowy Peak 154,,
1217,探秘寻宝-拉贡雪山126,,Treasure Hunt - Ragon Snowy Peak 155,,
1218,探秘寻宝-拉贡雪山127,,Treasure Hunt - Ragon Snowy Peak 156,,
1219,探秘寻宝-拉贡雪山128,,Treasure Hunt - Ragon Snowy Peak 157,,
1220,探秘寻宝-拉贡雪山129,,Treasure Hunt - Ragon Snowy Peak 158,,
1221,探秘寻宝-拉贡雪山130,,Treasure Hunt - Ragon Snowy Peak 159,,
1222,探秘寻宝-拉贡雪山131,,Treasure Hunt - Ragon Snowy Peak 160,,
1223,探秘寻宝-拉贡雪山132,,Treasure Hunt - Ragon Snowy Peak 161,,
1224,探秘寻宝-拉贡雪山133,,Treasure Hunt - Ragon Snowy Peak 162,,
1225,探秘寻宝-拉贡雪山134,,Treasure Hunt - Ragon Snowy Peak 163,,
1226,探秘寻宝-拉贡雪山135,,Treasure Hunt - Ragon Snowy Peak 164,,
1227,探秘寻宝-拉贡雪山136,,Treasure Hunt - Ragon Snowy Peak 165,,
1228,探秘寻宝-拉贡雪山137,,Treasure Hunt - Ragon Snowy Peak 166,,
1229,探秘寻宝-拉贡雪山138,,Treasure Hunt - Ragon Snowy Peak 167,,
1230,探秘寻宝-拉贡雪山139,,Treasure Hunt - Ragon Snowy Peak 168,,
1231,探秘寻宝-拉贡雪山140,,Treasure Hunt - Ragon Snowy Peak 169,,
1232,探秘寻宝-拉贡雪山141,,Treasure Hunt - Ragon Snowy Peak 170,,
1233,探秘寻宝-拉贡雪山142,,Treasure Hunt - Ragon Snowy Peak 171,,
1234,探秘寻宝-拉贡雪山143,,Treasure Hunt - Ragon Snowy Peak 172,,
1235,探秘寻宝-拉贡雪山144,,Treasure Hunt - Ragon Snowy Peak 173,,
1236,探秘寻宝-拉贡雪山145,,Treasure Hunt - Ragon Snowy Peak 174,,
1237,探秘寻宝-拉贡雪山146,,Treasure Hunt - Ragon Snowy Peak 175,,
1238,探秘寻宝-拉贡雪山147,,Treasure Hunt - Ragon Snowy Peak 176,,
1239,探秘寻宝-拉贡雪山148,,Treasure Hunt - Ragon Snowy Peak 177,,
1240,探秘寻宝-拉贡雪山149,,Treasure Hunt - Ragon Snowy Peak 178,,
1241,探秘寻宝-拉贡雪山150,,Treasure Hunt - Ragon Snowy Peak 179,,
1242,探秘寻宝-拉贡雪山151,,Treasure Hunt - Ragon Snowy Peak 180,,
1243,探秘寻宝-拉贡雪山152,,Treasure Hunt - Ragon Snowy Peak 181,,
1244,探秘寻宝-拉贡雪山153,,Treasure Hunt - Ragon Snowy Peak 182,,
1246,探秘寻宝-拉贡雪山155,,Treasure Hunt - Ragon Snowy Peak 183,,
1247,探秘寻宝-拉贡雪山156,,Treasure Hunt - Ragon Snowy Peak 184,,
1248,探秘寻宝-拉贡雪山157,,Treasure Hunt - Ragon Snowy Peak 185,,
1249,探秘寻宝-拉贡雪山158,,Treasure Hunt - Ragon Snowy Peak 186,,
1250,探秘寻宝-拉贡雪山159,,Treasure Hunt - Ragon Snowy Peak 187,,
1251,探秘寻宝-拉贡雪山154,,Treasure Hunt - Ragon Snowy Peak 188,,
1252,探秘寻宝-拉贡雪山160,,Treasure Hunt - Ragon Snowy Peak 189,,
1253,探秘寻宝-拉贡雪山161,,Treasure Hunt - Ragon Snowy Peak 190,,
1254,探秘寻宝-拉贡雪山162,,Treasure Hunt - Ragon Snowy Peak 191,,
1255,探秘寻宝-拉贡雪山163,,Treasure Hunt - Ragon Snowy Peak 192,,
1256,探秘寻宝-拉贡雪山164,,Treasure Hunt - Ragon Snowy Peak 193,,
1257,探秘寻宝-拉贡雪山165,,Treasure Hunt - Ragon Snowy Peak 194,,
1258,探秘寻宝-拉贡雪山166,,Treasure Hunt - Ragon Snowy Peak 195,,
1259,探秘寻宝-拉贡雪山167,,Treasure Hunt - Ragon Snowy Peak 196,,
1260,探秘寻宝-拉贡雪山168,,Treasure Hunt - Ragon Snowy Peak 197,,
1261,探秘寻宝-拉贡雪山169,,Treasure Hunt - Ragon Snowy Peak 198,,
1262,探秘寻宝-拉贡雪山170,,Treasure Hunt - Ragon Snowy Peak 199,,
1263,探秘寻宝-拉贡雪山171,,Treasure Hunt - Ragon Snowy Peak 171,,
1265,雪山探秘寻宝(分享来自:快爆用户104552009),,,,
1266,997，604(分享来自:-7810),,,,
1267,947.1554(分享来自:快爆用户58642350),,,,
1268,湖边藤蔓缠绕(分享来自:(*＇へ＇*)0542),,,,
1269,最上面(分享来自:(*＇へ＇*)0542),,,,
1271,（1238.1511）(分享来自:我就是规则),,,,
1272,伊甸城(分享来自:喜欢肖凝的筱宇),,Treasure Hunt - Edengate (missing Mark) 1,"1560, 1843",
1274,推石头(分享来自:快爆用户62557690),,,,
1277,探秘寻宝-开普勒港1,,Treasure Hunt - Kepler Harbor 1,,
1278,探秘寻宝-开普勒港2,,Treasure Hunt - Kepler Harbor 2,,
1279,探秘寻宝-开普勒港3,,Treasure Hunt - Kepler Harbor 3,,
1280,探秘寻宝-开普勒港4,,Treasure Hunt - Kepler Harbor 4,,
1281,探秘寻宝-开普勒港5,,Treasure Hunt - Kepler Harbor 5,,
1282,探秘寻宝-开普勒港6,,Treasure Hunt - Kepler Harbor 6,,
1283,探秘寻宝-开普勒港7,,Treasure Hunt - Kepler Harbor 7,,
1284,探秘寻宝-开普勒港8,,Treasure Hunt - Kepler Harbor 8,,
1285,探秘寻宝-开普勒港9,,Treasure Hunt - Kepler Harbor 9,,
1286,探秘寻宝-开普勒港10,,Treasure Hunt - Kepler Harbor 10,,
1287,探秘寻宝-开普勒港11,,Treasure Hunt - Kepler Harbor 11,,
1288,探秘寻宝-开普勒港12,,Treasure Hunt - Kepler Harbor 12,,
1289,探秘寻宝-开普勒港13,,Treasure Hunt - Kepler Harbor 13,,
1290,探秘寻宝-开普勒港14,,Treasure Hunt - Kepler Harbor 14,,
1291,探秘寻宝-开普勒港15,,Treasure Hunt - Kepler Harbor 15,,
1292,探秘寻宝-开普勒港16,,Treasure Hunt - Kepler Harbor 16,,
1293,探秘寻宝-开普勒港17,,Treasure Hunt - Kepler Harbor 17,,
1294,探秘寻宝-开普勒港18,,Treasure Hunt - Kepler Harbor 18,,
1295,探秘寻宝-开普勒港19,,Treasure Hunt - Kepler Harbor 19,,
1296,探秘寻宝-开普勒港20,,Treasure Hunt - Kepler Harbor 20,,
1297,探秘寻宝-开普勒港21,,Treasure Hunt - Kepler Harbor 21,,
1305,探秘寻宝-开普勒港22,,Treasure Hunt - Kepler Harbor 22,,
1306,探秘寻宝-开普勒港23,,Treasure Hunt - Kepler Harbor 23,,
1307,探秘寻宝-开普勒港24,,Treasure Hunt - Kepler Harbor 24,,
1308,探秘寻宝-开普勒港25,,Treasure Hunt - Kepler Harbor 25,,
1309,探秘寻宝-开普勒港26,,Treasure Hunt - Kepler Harbor 26,,
1310,探秘寻宝-开普勒港27,,Treasure Hunt - Kepler Harbor 27,,
1311,探秘寻宝-开普勒港28,,Treasure Hunt - Kepler Harbor 28,,
1312,探秘寻宝-开普勒港29,,Treasure Hunt - Kepler Harbor 29,,
1313,探秘寻宝-开普勒港30,,Treasure Hunt - Kepler Harbor 30,,
1314,探秘寻宝-开普勒港31,,Treasure Hunt - Kepler Harbor 31,,
1318,探秘寻宝-开普勒港32,,Treasure Hunt - Kepler Harbor 32,,
1319,探秘寻宝-开普勒港33,,Treasure Hunt - Kepler Harbor 33,,
1320,探秘寻宝-开普勒港34猫头鹰,,Treasure Hunt - Kepler Harbor 34,,
1321,探秘寻宝-开普勒港35,,Treasure Hunt - Kepler Harbor 35,,
1322,探秘寻宝-开普勒港36,,Treasure Hunt - Kepler Harbor 36,,
1323,探秘寻宝-开普勒港37,,Treasure Hunt - Kepler Harbor 37,,
1324,探秘寻宝-开普勒港38,,Treasure Hunt - Kepler Harbor 38,,
1325,探秘寻宝-开普勒港39,,Treasure Hunt - Kepler Harbor 39,,
1326,探秘寻宝-开普勒港40,,Treasure Hunt - Kepler Harbor 40,,
1327,探秘寻宝-开普勒港41,,Treasure Hunt - Kepler Harbor 41,,
1328,探秘寻宝-开普勒港42,,Treasure Hunt - Kepler Harbor 42,,
1329,探秘寻宝-开普勒港43,,Treasure Hunt - Kepler Harbor 43,,
1330,探秘寻宝-开普勒港44,,Treasure Hunt - Kepler Harbor 44,,
1331,探秘寻宝-开普勒港45,,Treasure Hunt - Kepler Harbor 45,,
1332,探秘寻宝-开普勒港46,,Treasure Hunt - Kepler Harbor 46,,
1333,探秘寻宝-开普勒港47,,Treasure Hunt - Kepler Harbor 47,,
1334,探秘寻宝-开普勒港48,,Treasure Hunt - Kepler Harbor 48,,
1335,探秘寻宝-开普勒港49猫头鹰,,Treasure Hunt - Kepler Harbor 49,,
1336,探秘寻宝-开普勒港50,,Treasure Hunt - Kepler Harbor 50,,
1337,探秘寻宝-开普勒港51,,Treasure Hunt - Kepler Harbor 51,,
1339,探秘寻宝-开普勒港52,,Treasure Hunt - Kepler Harbor 52,,
1341,探秘寻宝-开普勒港53,,Treasure Hunt - Kepler Harbor 53,,
1342,探秘寻宝-开普勒港54,,Treasure Hunt - Kepler Harbor 54,,
1343,探秘寻宝-开普勒港55,,Treasure Hunt - Kepler Harbor 55,,
1344,探秘寻宝-开普勒港56,,Treasure Hunt - Kepler Harbor 56,,
1345,探秘寻宝-开普勒港57,,Treasure Hunt - Kepler Harbor 57,,
1346,探秘寻宝-开普勒港58,,Treasure Hunt - Kepler Harbor 58,,
1347,探秘寻宝-开普勒港59,,Treasure Hunt - Kepler Harbor 59,,
1348,探秘寻宝-开普勒港60,,Treasure Hunt - Kepler Harbor 60,,
1349,探秘寻宝-开普勒港61,,Treasure Hunt - Kepler Harbor 61,,
1350,探秘寻宝-开普勒港62,,Treasure Hunt - Kepler Harbor 62,,
1351,探秘寻宝-开普勒港63,,Treasure Hunt - Kepler Harbor 63,,
1352,探秘寻宝-开普勒港64,,Treasure Hunt - Kepler Harbor 64,,
1353,探秘寻宝-开普勒港65,,Treasure Hunt - Kepler Harbor 65,,
1354,探秘寻宝-开普勒港66,,Treasure Hunt - Kepler Harbor 66,,
1355,探秘寻宝-开普勒港67,,Treasure Hunt - Kepler Harbor 67,,
1356,探秘寻宝-开普勒港68,,Treasure Hunt - Kepler Harbor 68,,
1357,探秘寻宝-开普勒港69,,Treasure Hunt - Kepler Harbor 69,,
1358,探秘寻宝-开普勒港70,,Treasure Hunt - Kepler Harbor 70,,
1359,探秘寻宝-开普勒港71,,Treasure Hunt - Kepler Harbor 71,,
1360,探秘寻宝-开普勒港72,,Treasure Hunt - Kepler Harbor 72,,
1361,探秘寻宝-开普勒港73,,Treasure Hunt - Kepler Harbor 73,,
1362,探秘寻宝-开普勒港74,,Treasure Hunt - Kepler Harbor 74,,
1363,探秘寻宝-开普勒港75,,Treasure Hunt - Kepler Harbor 75,,
1370,探秘寻宝-开普勒港76,,Treasure Hunt - Kepler Harbor 76,,
1371,探秘寻宝-开普勒港77,,Treasure Hunt - Kepler Harbor 77,,
1372,探秘寻宝-开普勒港78,,Treasure Hunt - Kepler Harbor 78,,
1373,探秘寻宝-开普勒港79,,Treasure Hunt - Kepler Harbor 79,,
1374,探秘寻宝-开普勒港80,,Treasure Hunt - Kepler Harbor 80,,
1375,探秘寻宝-开普勒港81,,Treasure Hunt - Kepler Harbor 81,,
1376,探秘寻宝-开普勒港82,,Treasure Hunt - Kepler Harbor 82,,
1377,探秘寻宝-开普勒港83,,Treasure Hunt - Kepler Harbor 83,,
1378,探秘寻宝-开普勒港84,,Treasure Hunt - Kepler Harbor 84,,
1379,探秘寻宝-开普勒港85,,Treasure Hunt - Kepler Harbor 85,,
1380,探秘寻宝-开普勒港86猫头鹰,,Treasure Hunt - Kepler Harbor 86,,
1381,探秘寻宝-开普勒港87,,Treasure Hunt - Kepler Harbor 87,,
1382,探秘寻宝-开普勒港88,,Treasure Hunt - Kepler Harbor 88,,
1383,探秘寻宝-开普勒港89,,Treasure Hunt - Kepler Harbor 89,,
1384,探秘寻宝-开普勒港90,,Treasure Hunt - Kepler Harbor 90,,
1385,探秘寻宝-开普勒港91,,Treasure Hunt - Kepler Harbor 91,,
1386,探秘寻宝-开普勒港92猫头鹰,,Treasure Hunt - Kepler Harbor 92,,
1398,探秘寻宝-开普勒港93,,Treasure Hunt - Kepler Harbor 93,,
1399,探秘寻宝-开普勒港94,,Treasure Hunt - Kepler Harbor 94,,
1400,探秘寻宝-开普勒港95,,Treasure Hunt - Kepler Harbor 95,,
1401,探秘寻宝-开普勒港96,,Treasure Hunt - Kepler Harbor 96,,
1402,探秘寻宝-开普勒港97,,Treasure Hunt - Kepler Harbor 97,,
1403,探秘寻宝-开普勒港98,,Treasure Hunt - Kepler Harbor 98,,
1404,探秘寻宝-开普勒港99,,Treasure Hunt - Kepler Harbor 99,,
1405,探秘寻宝-开普勒港100,,Treasure Hunt - Kepler Harbor 100,,
1406,探秘寻宝-开普勒港101,,Treasure Hunt - Kepler Harbor 101,,
1407,探秘寻宝-开普勒港102,,Treasure Hunt - Kepler Harbor 102,,
1408,探秘寻宝-开普勒港103,,Treasure Hunt - Kepler Harbor 103,,
1409,探秘寻宝-开普勒港104,,Treasure Hunt - Kepler Harbor 104,,
1410,探秘寻宝-开普勒港105,,Treasure Hunt - Kepler Harbor 105,,
1411,探秘寻宝-开普勒港106,,Treasure Hunt - Kepler Harbor 106,,
1412,探秘寻宝-开普勒港107,,Treasure Hunt - Kepler Harbor 107,,
1413,探秘寻宝-开普勒港108,,Treasure Hunt - Kepler Harbor 108,,
1414,探秘寻宝-开普勒港109猫头鹰,,Treasure Hunt - Kepler Harbor 109,,
1415,探秘寻宝-开普勒港110,,Treasure Hunt - Kepler Harbor 110,,
1416,探秘寻宝-开普勒港111,,Treasure Hunt - Kepler Harbor 111,,
1417,探秘寻宝-开普勒港112,,Treasure Hunt - Kepler Harbor 112,,
1418,探秘寻宝-开普勒港113,,Treasure Hunt - Kepler Harbor 113,,
1419,探秘寻宝-开普勒港114,,Treasure Hunt - Kepler Harbor 114,,
1420,探秘寻宝-开普勒港115,,Treasure Hunt - Kepler Harbor 115,,
1421,探秘寻宝-开普勒港116,,Treasure Hunt - Kepler Harbor 116,,
1422,探秘寻宝-开普勒港117,,Treasure Hunt - Kepler Harbor 117,,
1423,探秘寻宝-开普勒港118,,Treasure Hunt - Kepler Harbor 118,,
1424,探秘寻宝-开普勒港119,,Treasure Hunt - Kepler Harbor 119,,
1425,探秘寻宝-开普勒港120,,Treasure Hunt - Kepler Harbor 120,,
1426,探秘寻宝-开普勒港121,,Treasure Hunt - Kepler Harbor 121,,
1427,探秘寻宝-开普勒港122猫头鹰,,Treasure Hunt - Kepler Harbor 122,,
1428,探秘寻宝-开普勒港123,,Treasure Hunt - Kepler Harbor 123,,
1429,探秘寻宝-开普勒港124,,Treasure Hunt - Kepler Harbor 124,,
1430,探秘寻宝-开普勒港125,,Treasure Hunt - Kepler Harbor 125,,
1431,探秘寻宝-开普勒港126,,Treasure Hunt - Kepler Harbor 126,,
1432,探秘寻宝-开普勒港127,,Treasure Hunt - Kepler Harbor 127,,
1433,探秘寻宝-开普勒港128,,Treasure Hunt - Kepler Harbor 128,,
1434,探秘寻宝-开普勒港129,,Treasure Hunt - Kepler Harbor 129,,
1435,探秘寻宝-开普勒港130,,Treasure Hunt - Kepler Harbor 130,,
1436,探秘寻宝-开普勒港131,,Treasure Hunt - Kepler Harbor 131,,
1437,探秘寻宝-开普勒港132,,Treasure Hunt - Kepler Harbor 132,,
1452,探秘寻宝-开普勒港133,,Treasure Hunt - Kepler Harbor 133,,
1453,探秘寻宝-开普勒港134,,Treasure Hunt - Kepler Harbor 134,,
1454,探秘寻宝-开普勒港135,,Treasure Hunt - Kepler Harbor 135,,
1455,探秘寻宝-开普勒港136,,Treasure Hunt - Kepler Harbor 136,,
1456,探秘寻宝-开普勒港137,,Treasure Hunt - Kepler Harbor 137,,
1457,探秘寻宝-开普勒港138,,Treasure Hunt - Kepler Harbor 138,,
1458,探秘寻宝-开普勒港139,,Treasure Hunt - Kepler Harbor 139,,
1459,探秘寻宝-开普勒港140,,Treasure Hunt - Kepler Harbor 140,,
1460,探秘寻宝-开普勒港141,,Treasure Hunt - Kepler Harbor 141,,
1461,探秘寻宝-开普勒港142,,Treasure Hunt - Kepler Harbor 142,,
1462,探秘寻宝-开普勒港143,,Treasure Hunt - Kepler Harbor 143,,
1463,探秘寻宝-开普勒港144,,Treasure Hunt - Kepler Harbor 144,,
1464,探秘寻宝-开普勒港145,,Treasure Hunt - Kepler Harbor 145,,
1465,探秘寻宝-开普勒港146,,Treasure Hunt - Kepler Harbor 146,,
1466,探秘寻宝-开普勒港147,,Treasure Hunt - Kepler Harbor 147,,
1467,探秘寻宝-开普勒港148,,Treasure Hunt - Kepler Harbor 148,,
1468,探秘寻宝-开普勒港149,,Treasure Hunt - Kepler Harbor 149,,
1469,探秘寻宝-开普勒港150,,Treasure Hunt - Kepler Harbor 150,,
1470,探秘寻宝-开普勒港151,,Treasure Hunt - Kepler Harbor 151,,
1471,探秘寻宝-开普勒港152,,Treasure Hunt - Kepler Harbor 152,,
1472,探秘寻宝-开普勒港153,,Treasure Hunt - Kepler Harbor 153,,
1473,探秘寻宝-开普勒港154,,Treasure Hunt - Kepler Harbor 154,,
1474,探秘寻宝-开普勒港155,,Treasure Hunt - Kepler Harbor 155,,
1475,探秘寻宝-开普勒港156,,Treasure Hunt - Kepler Harbor 156,,
1476,探秘寻宝-开普勒港157,,Treasure Hunt - Kepler Harbor 157,,
1477,探秘寻宝-开普勒港158,,Treasure Hunt - Kepler Harbor 158,,
1478,探秘寻宝-开普勒港159,,Treasure Hunt - Kepler Harbor 159,,
1479,探秘寻宝-开普勒港160,,Treasure Hunt - Kepler Harbor 160,,
1480,探秘寻宝-开普勒港161,,Treasure Hunt - Kepler Harbor 161,,
1481,探秘寻宝-开普勒港162,,Treasure Hunt - Kepler Harbor 162,,
1482,探秘寻宝-开普勒港163,,Treasure Hunt - Kepler Harbor 163,,
1483,探秘寻宝-开普勒港164,,Treasure Hunt - Kepler Harbor 164,,
1484,探秘寻宝-开普勒港165,,Treasure Hunt - Kepler Harbor 165,,
1485,探秘寻宝-开普勒港166,,Treasure Hunt - Kepler Harbor 166,,
1486,探秘寻宝-开普勒港167,,Treasure Hunt - Kepler Harbor 167,,
1503,探秘寻宝-开普勒港168,,Treasure Hunt - Kepler Harbor 168,,
1504,探秘寻宝-开普勒港169,,Treasure Hunt - Kepler Harbor 169,,
1505,探秘寻宝-开普勒港170,,Treasure Hunt - Kepler Harbor 170,,
1506,探秘寻宝-开普勒港171,,Treasure Hunt - Kepler Harbor 171,,
1507,探秘寻宝-开普勒港172,,Treasure Hunt - Kepler Harbor 172,,
1508,探秘寻宝-开普勒港173,,Treasure Hunt - Kepler Harbor 173,,
1509,探秘寻宝-开普勒港174,,Treasure Hunt - Kepler Harbor 174,,
1510,探秘寻宝-开普勒港175,,Treasure Hunt - Kepler Harbor 175,,
1511,探秘寻宝-开普勒港176,,Treasure Hunt - Kepler Harbor 176,,
1512,探秘寻宝-开普勒港177,,Treasure Hunt - Kepler Harbor 177,,
1513,探秘寻宝-开普勒港178,,Treasure Hunt - Kepler Harbor 178,,
1514,探秘寻宝-开普勒港179,,Treasure Hunt - Kepler Harbor 179,,
1515,探秘寻宝-开普勒港180,,Treasure Hunt - Kepler Harbor 180,,
1516,探秘寻宝-开普勒港181,,Treasure Hunt - Kepler Harbor 181,,
1520,探秘寻宝-开普勒港182,,Treasure Hunt - Kepler Harbor 182,,
1521,探秘寻宝-开普勒港183,,Treasure Hunt - Kepler Harbor 183,,
1522,探秘寻宝-开普勒港184,,Treasure Hunt - Kepler Harbor 184,,
1523,探秘寻宝-开普勒港185,,Treasure Hunt - Kepler Harbor 185,,
1524,探秘寻宝-开普勒港186,,Treasure Hunt - Kepler Harbor 186,,
1525,探秘寻宝-开普勒港187,,Treasure Hunt - Kepler Harbor 187,,
1526,探秘寻宝-开普勒港188,,Treasure Hunt - Kepler Harbor 188,,
1527,探秘寻宝-开普勒港189,,Treasure Hunt - Kepler Harbor 189,,
1528,探秘寻宝-开普勒港190,,Treasure Hunt - Kepler Harbor 190,,
1529,探秘寻宝-开普勒港191,,Treasure Hunt - Kepler Harbor 191,,
1530,探秘寻宝-开普勒港192,,Treasure Hunt - Kepler Harbor 192,,
1531,探秘寻宝-开普勒港193,,Treasure Hunt - Kepler Harbor 193,,
1532,探秘寻宝-开普勒港194,,Treasure Hunt - Kepler Harbor 194,,
1533,探秘寻宝-开普勒港195,,Treasure Hunt - Kepler Harbor 195,,
1534,探秘寻宝-开普勒港196,,Treasure Hunt - Kepler Harbor 196,,
1535,探秘寻宝-开普勒港197,,Treasure Hunt - Kepler Harbor 197,,
1536,探秘寻宝-开普勒港198,,Treasure Hunt - Kepler Harbor 198,,
1537,探秘寻宝-开普勒港199,,Treasure Hunt - Kepler Harbor 199,,
1538,探秘寻宝-开普勒港200,,Treasure Hunt - Kepler Harbor 200,,
1539,探秘寻宝-开普勒港201,,Treasure Hunt - Kepler Harbor 201,,
1540,探秘寻宝-开普勒港202,,Treasure Hunt - Kepler Harbor 202,,
1541,探秘寻宝-开普勒港203,,Treasure Hunt - Kepler Harbor 203,,
1542,探秘寻宝-开普勒港204,,Treasure Hunt - Kepler Harbor 204,,
1543,探秘寻宝-开普勒港205,,Treasure Hunt - Kepler Harbor 205,,
1544,探秘寻宝-开普勒港206,,Treasure Hunt - Kepler Harbor 206,,
1545,探秘寻宝-开普勒港207,,Treasure Hunt - Kepler Harbor 207,,
1546,探秘寻宝-开普勒港208,,Treasure Hunt - Kepler Harbor 208,,
1547,探秘寻宝-开普勒港209,,Treasure Hunt - Kepler Harbor 209,,
1548,探秘寻宝-开普勒港210,,Treasure Hunt - Kepler Harbor 210,,
1549,探秘寻宝-开普勒港211,,Treasure Hunt - Kepler Harbor 211,,
1550,探秘寻宝-开普勒港212,,Treasure Hunt - Kepler Harbor 212,,
1554,探秘寻宝-开普勒港213,,Treasure Hunt - Kepler Harbor 213,,
1555,探秘寻宝-开普勒港214,,Treasure Hunt - Kepler Harbor 214,,
1556,探秘寻宝-开普勒港215,,Treasure Hunt - Kepler Harbor 215,,
1557,探秘寻宝-开普勒港216,,Treasure Hunt - Kepler Harbor 216,,
1558,探秘寻宝-开普勒港217,,Treasure Hunt - Kepler Harbor 217,,
1559,探秘寻宝-开普勒港218,,Treasure Hunt - Kepler Harbor 218,,
1560,探秘寻宝-开普勒港219,,Treasure Hunt - Kepler Harbor 219,,
1561,探秘寻宝-开普勒港220,,Treasure Hunt - Kepler Harbor 220,,
1562,探秘寻宝-开普勒港221,,Treasure Hunt - Kepler Harbor 221,,
1563,探秘寻宝-开普勒港222,,Treasure Hunt - Kepler Harbor 222,,
1564,探秘寻宝-开普勒港223,,Treasure Hunt - Kepler Harbor 223,,
1565,探秘寻宝-开普勒港224,,Treasure Hunt - Kepler Harbor 224,,
1566,探秘寻宝-开普勒港225猫头鹰,,Treasure Hunt - Kepler Harbor 225,,
1567,探秘寻宝-开普勒港226,,Treasure Hunt - Kepler Harbor 226,,
1568,探秘寻宝-开普勒港227打碎石头,,Treasure Hunt - Kepler Harbor 227,,
1569,探秘寻宝-开普勒港228,,Treasure Hunt - Kepler Harbor 228,,
1570,探秘寻宝-开普勒港229,,Treasure Hunt - Kepler Harbor 229,,
224,区域委托-杜加河谷1,,Zone Commission Sundale Valley 1 - Rubble Pile,,"337, 469"
264,区域委托-杜加河谷2,,Zone Commission Sundale Valley 2 - Activate Power Armor,,"645, 447"
265,区域委托-杜加河谷3,,Zone Commission Sundale Valley 3 - Energy Overload,,"885, 212"
266,区域委托-杜加河谷4,,Zone Commission Sundale Valley 4 - Igniting Thorns,,"891, 577"
267,区域委托-杜加河谷5,,Zone Commission Sundale Valley 5 - Parking Fury,,"951, 803"
268,区域委托-杜加河谷6,,Zone Commission Sundale Valley 6 - Unfreeze Ice,,"516, 715"
269,区域委托-杜加河谷7,,Zone Commission Sundale Valley 7 - Entanglemen,,"152, 808"
270,区域委托-杜加河谷8,,Zone Commission Sundale Valley 8 - Original Translocation,,"224, 1071"
271,区域委托-杜加河谷9,,Zone Commission Sundale Valley 9 - Acid Attack,,"321, 1378"
272,区域委托-杜加河谷10,,Zone Commission Sundale Valley 10 -  Energy Exhausted,,"652, 1649"
273,区域委托-杜加河谷11,,Zone Commission Sundale Valley 11 - Last Place,,"809, 1946"
274,区域委托-杜加河谷12,,Zone Commission Sundale Valley 12 - Bear Fighter,,"941, 1686"
275,区域委托-杜加河谷13,,Zone Commission Sundale Valley 13 - Mosquito Nest,,"1127, 1699"
276,区域委托-杜加河谷14,,Zone Commission Sundale Valley 14 - Container Base,,"1339, 1811"
277,区域委托-杜加河谷15,,Zone Commission Sundale Valley 15 - Bonfire Stronghold,,"1242, 1597"
278,区域委托-杜加河谷16,,Zone Commission Sundale Valley 16 - Moisture Short Circuit,,"868, 1527"
279,区域委托-杜加河谷17,,Zone Commission Sundale Valley 17 - Riverside Stronghold,,"873, 1254"
280,区域委托-杜加河谷18,,Zone Commission Sundale Valley 18 - Scrap Metal,,"749, 1220"
281,区域委托-杜加河谷19,,Zone Commission Sundale Valley 19 - Corrupted Steel,,"639, 1088"
282,区域委托-杜加河谷20,,Zone Commission Sundale Valley 20 - Locked Stone,,"728, 931"
283,区域委托-杜加河谷21,,Zone Commission Sundale Valley 21 - Junkyard Stronghold,,"1604, 888"
285,区域委托-杜加河谷23,,Zone Commission Sundale Valley 23 - Pollution Research,,"1111, 1012"
286,区域委托-杜加河谷24,,Zone Commission Sundale Valley 24 - Camping Area Base,,"1200, 1055"
287,区域委托-杜加河谷25,,Zone Commission Sundale Valley 25 - Bridgeside Stronghold,,"1526, 1131"
288,区域委托-杜加河谷26,,Zone Commission Sundale Valley 26 - Control Point,,"1543, 1447"
289,区域委托-杜加河谷27,,Zone Commission Sundale Valley 27 - Failure Base,,"1320, 1258"
290,区域委托-杜加河谷28,,Zone Commission Sundale Valley 28 - Laser Array Base,,"1036, 1339"
291,区域委托-杜加河谷22,,Zone Commission Sundale Valley 22 - Missing Part ,,"1025, 1912"
761,区域委托-尖叫戈壁1,,Zone Commission Howling Gobi 1 - Scrap Metal,,"441, 1699"
763,区域委托-尖叫戈壁2,,Zone Commission Howling Gobi 2 - Sand Scorpion Nest,,"565, 1685 "
765,区域委托-尖叫戈壁3,,Zone Commission Howling Gobi 3 - Space ship Wreckage,,"225, 1482"
766,区域委托-尖叫戈壁4,,Zone Commission Howling Gobi 4 - Tipped Cargo,,"250, 1336"
767,区域委托-尖叫戈壁5,,Zone Commission Howling Gobi 5 - Gobi Pyre,,"159, 1232"
769,区域委托-尖叫戈壁6,,Zone Commission Howling Gobi 6 - Repair Car,,"301, 405"
772,区域委托-尖叫戈壁7,,Zone Commission Howling Gobi 7 - Bandit Guard,,"717, 927"
774,区域委托-尖叫戈壁8,,Zone Commission Howling Gobi 8 - Get There First,,"481, 1111"
776,区域委托-尖叫戈壁9,,Zone Commission Howling Gobi 9 - Power Storage Controller,,"663, 1418"
778,区域委托-尖叫戈壁10,,Zone Commission Howling Gobi 10 - Strange Nest,,"1316, 1894"
779,区域委托-尖叫戈壁11,,Zone Commission Howling Gobi 11 - Tip Over,,"1382, 1587"
780,区域委托-尖叫戈壁12,,Zone Commission Howling Gobi 12 - Quick Sand,,"1143, 1147"
781,区域委托-尖叫戈壁13,,Zone Commission Howling Gobi 13 - Iron Box Blocking The Road,,"928, 441"
782,区域委托-尖叫戈壁14,,Zone Commission Howling Gobi 14 - Permission Card,,"1308, 700"
783,区域委托-尖叫戈壁15,,Zone Commission Howling Gobi 15 - Fishing,,"1559, 687"
785,区域委托-尖叫戈壁16,,Zone Commission Howling Gobi 16 - Desolate Tide Soldier,,"1521, 1041"
786,区域委托-尖叫戈壁17,,Zone Commission Howling Gobi 17 - Moving Mine,,"1756, 739"
939,区域委托-伊甸城1,,Zone Commission Edengate 1 - Multi-directional Protection Test,,"588, 1848"
940,区域委托-伊甸城2,,Zone Commission Edengate 2 - ,,
941,区域委托-伊甸城3,,Zone Commission Edengate 3,,
942,区域委托-伊甸城4,,Zone Commission Edengate 4,,
943,区域委托-伊甸城5,,Zone Commission Edengate 5,,
944,区域委托-伊甸城6,,Zone Commission Edengate 6,,
945,区域委托-伊甸城7,,Zone Commission Edengate 7,,
946,区域委托-伊甸城8,,Zone Commission Edengate 8,,
947,区域委托-伊甸城9,,Zone Commission Edengate 9,,
948,区域委托-伊甸城10,,Zone Commission Edengate 10,,
949,区域委托-伊甸城11,,Zone Commission Edengate 11,,
950,区域委托-伊甸城12,,Zone Commission Edengate 12,,
951,区域委托-伊甸城13,,Zone Commission Edengate 13,,
952,区域委托-伊甸城14,,Zone Commission Edengate 14,,
953,区域委托-伊甸城15,,Zone Commission Edengate 15,,
954,区域委托-伊甸城16,,Zone Commission Edengate 16,,
955,区域委托-伊甸城17,,Zone Commission Edengate 17,,
956,区域委托-伊甸城18,,Zone Commission Edengate 18,,
957,区域委托-伊甸城19,,Zone Commission Edengate 19,,
958,区域委托-伊甸城20,,Zone Commission Edengate 20,,
959,区域委托-伊甸城21,,Zone Commission Edengate 21,,
960,区域委托-伊甸城22,,Zone Commission Edengate 22,,
961,区域委托-伊甸城23,,Zone Commission Edengate 23,,
962,区域委托-伊甸城24,,Zone Commission Edengate 24,,
963,区域委托-伊甸城25,,Zone Commission Edengate 25,,
964,区域委托-伊甸城26,,Zone Commission Edengate 26,,
965,中部沙海的“部”字底下(分享来自:快爆用户104101592),,Zone Commission Howling Gobi 18 - Animals Bones,,"722, 1185"
968,858，872(分享来自:夜深时逢星5961),,,,
978,区域委托(分享来自:ღ零),,,,
979,公路上(分享来自:ღ零),,,,
1043,区域委托-拉贡雪山1,,Zone Commission Ragon Snowy Peak 1,,
1044,区域委托-拉贡雪山2,,Zone Commission Ragon Snowy Peak 2,,
1045,区域委托-拉贡雪山3,,Zone Commission Ragon Snowy Peak 3,,
1046,区域委托-拉贡雪山4,,Zone Commission Ragon Snowy Peak 4,,
1047,区域委托-拉贡雪山5,,Zone Commission Ragon Snowy Peak 5,,
1048,区域委托-拉贡雪山6,,Zone Commission Ragon Snowy Peak 6,,
1049,区域委托-拉贡雪山7,,Zone Commission Ragon Snowy Peak 7,,
1050,区域委托-拉贡雪山8,,Zone Commission Ragon Snowy Peak 8,,
1051,区域委托-拉贡雪山9,,Zone Commission Ragon Snowy Peak 9,,
1052,区域委托-拉贡雪山10,,Zone Commission Ragon Snowy Peak 10,,
1053,区域委托-拉贡雪山11,,Zone Commission Ragon Snowy Peak 11,,
1054,区域委托-拉贡雪山12,,Zone Commission Ragon Snowy Peak 12,,
1055,区域委托-拉贡雪山13,,Zone Commission Ragon Snowy Peak 13,,
1056,区域委托-拉贡雪山14,,Zone Commission Ragon Snowy Peak 14,,
1057,区域委托-拉贡雪山15,,Zone Commission Ragon Snowy Peak 15,,
1058,区域委托-拉贡雪山16,,Zone Commission Ragon Snowy Peak 16,,
1059,区域委托-拉贡雪山17,,Zone Commission Ragon Snowy Peak 17,,
1060,区域委托-拉贡雪山18,,Zone Commission Ragon Snowy Peak 18,,
1061,区域委托-拉贡雪山19,,Zone Commission Ragon Snowy Peak 19,,
1264,集群敌人防护测试(分享来自:ۣۖิ魔帝–张子陵),,,,
1270,杜加河谷(分享来自:喵喵1185),,,,
1487,区域委托-开普勒港探索达1000接取消失的航天器任务后来到此处触发1（需按照数字顺序依次来）,,Zone Commission - Kepler Harbour 1,"Kepler Harbor Exploration reaches 1000. After accepting the lost spaceship mission, come here to trigger 1 (you must come here in numerical order)",
1488,区域委托-开普勒港探索达1000接取消失的航天器任务后来到此处触发2（需按照数字顺序依次来）,,Zone Commission - Kepler Harbour 2,"Kepler Harbor Exploration reaches 1000. After accepting the lost spaceship mission, come here to trigger 1 (you must come here in numerical order)",
1489,区域委托-开普勒港探索达1000接取消失的航天器任务后来到此处触发3（需按照数字顺序依次来）,,Zone Commission - Kepler Harbour 3,"Kepler Harbor Exploration reaches 1000. After accepting the lost spaceship mission, come here to trigger 1 (you must come here in numerical order)",
1490,区域委托-开普勒港探索达1000接取消失的航天器任务后来到此处触发4（需按照数字顺序依次来）,,Zone Commission - Kepler Harbour 4,"Kepler Harbor Exploration reaches 1000. After accepting the lost spaceship mission, come here to trigger 1 (you must come here in numerical order)",
1491,区域委托-开普勒港区域委托-开普勒港探索达1000接取消失的航天器任务后来到此处触发5（需按照数字顺序依次来,,Zone Commission - Kepler Harbour 5,"Kepler Harbor Exploration reaches 1000. After receiving the disappeared spacecraft mission, come here to trigger 5 (need to come in numerical order)",
1492,区域委托-开普勒港区域委托-开普勒港探索达1000接取消失的航天器任务后来到此处触发6（需按照数字顺序依次来,,Zone Commission - Kepler Harbour 6,"Kepler Harbor Exploration reaches 1000. After receiving the disappeared spacecraft mission, come here to trigger 5 (need to come in numerical order)",
1493,区域委托-开普勒港区域委托-开普勒港探索达1000接取消失的航天器任务后来到此处触发7（需按照数字顺序依次来,,Zone Commission - Kepler Harbour 7,"Kepler Harbor Exploration reaches 1000. After receiving the disappeared spacecraft mission, come here to trigger 5 (need to come in numerical order)",
1494,区域委托-开普勒港区域委托-开普勒港探索达1000接取消失的航天器任务后来到此处触发8（需按照数字顺序依次来,,Zone Commission - Kepler Harbour 8,"Kepler Harbour Exploration reaches 1000. After receiving the disappeared spacecraft mission, come here to trigger 5 (need to come in numerical order)",
1495,区域委托-开普勒港区域委托-开普勒港探索达1000接取消失的航天器任务后来到此处触发9（需按照数字顺序依次来,,Zone Commission - Kepler Harbour 9,"Kepler Harbour Exploration reaches 1000. After receiving the disappeared spacecraft mission, come here to trigger 5 (need to come in numerical order)",
1496,区域委托-开普勒港区域委托-开普勒港探索达1000接取地质发现来到此处领取10,,Zone Commission - Kepler Harbour 10,Kepler Harbour Explore up to 1000 to receive geological discoveries. Come here to receive 10,
1497,区域委托-开普勒港11（建议先完成前面10个）,,Zone Commission - Kepler Harbour 11,sugest to complete Zone Commission 1 - 10,
1498,区域委托-开普勒港12（建议先完成前面10个）,,Zone Commission - Kepler Harbour 12,sugest to complete Zone Commission 1 - 10,
1499,区域委托-开普勒港13（建议先完成前面10个）,,Zone Commission - Kepler Harbour 13,sugest to complete Zone Commission 1 - 10,
1500,区域委托-开普勒港14（建议先完成前面10个）,,Zone Commission - Kepler Harbour 14,sugest to complete Zone Commission 1 - 10,
1501,区域委托-开普勒港15（建议先完成前面10个）,,Zone Commission - Kepler Harbour 15,sugest to complete Zone Commission 1 - 10,
1502,区域委托-开普勒港16（建议先完成前面10个）,,Zone Commission - Kepler Harbour 16,sugest to complete Zone Commission 1 - 10,
1575,任务委托(分享来自:快爆用户31348909),,,,
308,封锁解除-河谷哨所,,,,
309,封锁解除-破败伐木场,,,,
310,封锁解除-莫克隧道,,,,
311,封锁解除-资源中转站,,,,
312,封锁解除-异星前线,,,,
651,封锁解除-地平线矿区,,,,
652,封锁解除-中央废墟,,,,
655,封锁解除-异晶山谷,,,,
658,封锁解除-异星前哨,,,,
660,封锁解除-先民遗址,,,,
722,封锁解除-起源工厂,,,,
725,封锁解除-能源反应堆,,,,
729,封锁解除-隐秘后街,,,,
732,封锁解除-城市废墟,,,,
737,封锁解除-空间通信塔,,,,
1007,临湖镇下，封锁解除，破碎船埠(分享来自:PITY1455),,,,
306,据点-河谷林场,,,,
307,据点-信号监测站,,,,
640,据点-地平线矿区,,,,
700,据点-六号实验楼,,,,
300,强敌-鱿鼻象,,,,
301,强敌-荒潮重炮精英,,,,
302,强敌-异化无脸虫,,,,
303,强敌-电尾豹,,,,
304,强敌-荒潮突击精英,,,,
305,强敌-荒潮武装精英,,,,
624,强敌-荒潮重炮精英,,,,
626,强敌-毒液,,,,
629,强敌-掘漠狂蝎,,,,
633,强敌-潜地巨虫,,,,
636,强敌-蓝犀,,,,
708,强敌-孢株巨人,,,,
709,强敌-切割机,,,,
711,强敌-焚化炉,,,,
715,强敌-活蚀巨人,,,,
718,强敌-千蚀牙,,,,
52,限时训练-杜加河谷1,,Limited Time Training - Sundale Valley 1,,"215, 91"
53,限时训练-杜加河谷2,,Limited Time Training - Sundale Valley 2,,"269, 205"
225,限时训练-杜加河谷3,,Limited Time Training - Sundale Valley 3,,"205, 427"
226,限时训练-杜加河谷4,,Limited Time Training - Sundale Valley 4,,"521, 499"
227,限时训练-杜加河谷5,,Limited Time Training - Sundale Valley 5,,"628, 355"
228,限时训练-杜加河谷6,,Limited Time Training - Sundale Valley 6,,"882, 138"
229,限时训练-杜加河谷7,,Limited Time Training - Sundale Valley 7,,"847, 264"
230,限时训练-杜加河谷8,,Limited Time Training - Sundale Valley 8,,"859, 375"
231,限时训练-杜加河谷9,,Limited Time Training - Sundale Valley 9,,"1355, 123"
232,限时训练-杜加河谷10,,Limited Time Training - Sundale Valley 10,,"1515, 502"
233,限时训练-杜加河谷11,,Limited Time Training - Sundale Valley 11,,"1105, 527"
234,限时训练-杜加河谷12,,Limited Time Training - Sundale Valley 12,,"1177, 690"
235,限时训练-杜加河谷13,,Limited Time Training - Sundale Valley 13,,"1077, 780"
236,限时训练-杜加河谷14,,Limited Time Training - Sundale Valley 14,,"1603, 746"
237,限时训练-杜加河谷15,,Limited Time Training - Sundale Valley 15,,"1609, 888"
238,限时训练-杜加河谷16,,Limited Time Training - Sundale Valley 16,,"1794, 865"
239,限时训练-杜加河谷17,,Limited Time Training - Sundale Valley 17,,"1919, 1024"
240,限时训练-杜加河谷18,,Limited Time Training - Sundale Valley 18,,"1527, 1128"
241,限时训练-杜加河谷19,,Limited Time Training - Sundale Valley 19,,"1764, 1230"
242,限时训练-杜加河谷20,,Limited Time Training - Sundale Valley 20,,"1727, 1317"
243,限时训练-杜加河谷21,,Limited Time Training - Sundale Valley 21,,"1766, 1665"
244,限时训练-杜加河谷22,,Limited Time Training - Sundale Valley 22,,"1578, 1586"
245,限时训练-杜加河谷23,,Limited Time Training - Sundale Valley 23,,"1381, 1436"
246,限时训练-杜加河谷24,,Limited Time Training - Sundale Valley 24,,"1321, 1802"
247,限时训练-杜加河谷25,,Limited Time Training - Sundale Valley 25,,"1235, 1603"
248,限时训练-杜加河谷26,,Limited Time Training - Sundale Valley 26,Need to Correct Position Mark,"1060, 1735"
249,限时训练-杜加河谷27,,Limited Time Training - Sundale Valley 27,Need to Correct Position Mark,"1001, 1845"
250,限时训练-杜加河谷28,,Limited Time Training - Sundale Valley 28,,"793, 1948"
251,限时训练-杜加河谷29,,Limited Time Training - Sundale Valley 29,,"581, 1677"
252,限时训练-杜加河谷30,,Limited Time Training - Sundale Valley 30,,"239, 1320"
253,限时训练-杜加河谷31,,Limited Time Training - Sundale Valley 31,,"294, 1294"
254,限时训练-杜加河谷32,,Limited Time Training - Sundale Valley 32,,"808, 855"
255,限时训练-杜加河谷33,,Limited Time Training - Sundale Valley 33,,"842, 930"
256,限时训练-杜加河谷34,,Limited Time Training - Sundale Valley 34,,"682, 892"
257,限时训练-杜加河谷35,,Limited Time Training - Sundale Valley 35,,"1882, 1047"
258,限时训练-杜加河谷36,,Limited Time Training - Sundale Valley 36,,"1187, 1238"
259,限时训练-杜加河谷37,,Limited Time Training - Sundale Valley 37,,"869, 1375"
260,限时训练-杜加河谷38,,Limited Time Training - Sundale Valley 38,,"829, 1286"
261,限时训练-杜加河谷39,,Limited Time Training - Sundale Valley 39,,"277, 793"
262,限时训练-杜加河谷40,,Limited Time Training - Sundale Valley 40,,"321, 904"
263,限时训练-杜加河谷41,,Limited Time Training - Sundale Valley 41,,"205, 995"
796,限时训练-尖叫戈壁1,,Limited Time Training - Howling Gobi 1,,
797,限时训练-尖叫戈壁2,,Limited Time Training - Howling Gobi 2,,
798,限时训练-尖叫戈壁3,,Limited Time Training - Howling Gobi 3,,
799,限时训练-尖叫戈壁4,,Limited Time Training - Howling Gobi 4,,
800,限时训练-尖叫戈壁5,,Limited Time Training - Howling Gobi 5,,
801,限时训练-尖叫戈壁6,,Limited Time Training - Howling Gobi 6,,
802,限时训练-尖叫戈壁7,,Limited Time Training - Howling Gobi 7,,
803,限时训练-尖叫戈壁8,,Limited Time Training - Howling Gobi 8,,
805,限时训练-尖叫戈壁10,,Limited Time Training - Howling Gobi 9,,
806,限时训练-尖叫戈壁11,,Limited Time Training - Howling Gobi 10,,
807,限时训练-尖叫戈壁13,,Limited Time Training - Howling Gobi 11,,
808,限时训练-尖叫戈壁14,,Limited Time Training - Howling Gobi 12,,
809,限时训练-尖叫戈壁15,,Limited Time Training - Howling Gobi 13,,
810,限时训练-尖叫戈壁16,,Limited Time Training - Howling Gobi 14,,
811,限时训练-尖叫戈壁17,,Limited Time Training - Howling Gobi 15,,
812,限时训练-尖叫戈壁18,,Limited Time Training - Howling Gobi 16,,
813,限时训练-尖叫戈壁19,,Limited Time Training - Howling Gobi 17,,
814,限时训练-尖叫戈壁20,,Limited Time Training - Howling Gobi 18,,
815,限时训练-尖叫戈壁21,,Limited Time Training - Howling Gobi 19,,
816,限时训练-尖叫戈壁22,,Limited Time Training - Howling Gobi 20,,
817,限时训练-尖叫戈壁23,,Limited Time Training - Howling Gobi 21,,
818,限时训练-尖叫戈壁24,,Limited Time Training - Howling Gobi 22,,
819,限时训练-尖叫戈壁25,,Limited Time Training - Howling Gobi 23,,
820,限时训练-尖叫戈壁26,,Limited Time Training - Howling Gobi 24,,
821,限时训练-尖叫戈壁27,,Limited Time Training - Howling Gobi 25,,
822,限时训练-尖叫戈壁28,,Limited Time Training - Howling Gobi 26,,
823,限时训练-尖叫戈壁29,,Limited Time Training - Howling Gobi 27,,
824,限时训练-尖叫戈壁30,,Limited Time Training - Howling Gobi 28,,
825,限时训练-尖叫戈壁31,,Limited Time Training - Howling Gobi 29,,
826,限时训练-尖叫戈壁32,,Limited Time Training - Howling Gobi 30,,
827,限时训练-尖叫戈壁33,,Limited Time Training - Howling Gobi 31,,
828,限时训练-尖叫戈壁34,,Limited Time Training - Howling Gobi 32,,
829,限时训练-尖叫戈壁35,,Limited Time Training - Howling Gobi 33,,
830,限时训练-尖叫戈壁36,,Limited Time Training - Howling Gobi 34,,
831,限时训练-尖叫戈壁37,,Limited Time Training - Howling Gobi 35,,
832,限时训练-尖叫戈壁38,,Limited Time Training - Howling Gobi 36,,
833,限时训练-尖叫戈壁39,,Limited Time Training - Howling Gobi 37,,
834,限时训练-尖叫戈壁40,,Limited Time Training - Howling Gobi 38,,
835,限时训练-尖叫戈壁41,,Limited Time Training - Howling Gobi 39,,
836,限时训练-尖叫戈壁42,,Limited Time Training - Howling Gobi 40,,
837,限时训练-尖叫戈壁43,,Limited Time Training - Howling Gobi 41,,
838,限时训练-尖叫戈壁44,,Limited Time Training - Howling Gobi 42,,
839,限时训练-尖叫戈壁45,,Limited Time Training - Howling Gobi 43,,
840,限时训练-尖叫戈壁46,,Limited Time Training - Howling Gobi 44,,
898,限时训练-伊甸城1,,Limited Time Training - Edengate 1,,
899,限时训练-伊甸城2,,Limited Time Training - Edengate 2,,
900,限时训练-伊甸城3,,Limited Time Training - Edengate 3,,
902,限时训练-伊甸城4,,Limited Time Training - Edengate 4,,
903,限时训练-伊甸城5,,Limited Time Training - Edengate 5,,
904,限时训练-伊甸城6,,Limited Time Training - Edengate 6,,
905,限时训练-伊甸城7,,Limited Time Training - Edengate 7,,
906,限时训练-伊甸城8,,Limited Time Training - Edengate 8,,
907,限时训练-伊甸城9,,Limited Time Training - Edengate 9,,
908,限时训练-伊甸城10,,Limited Time Training - Edengate 10,,
909,限时训练-伊甸城11,,Limited Time Training - Edengate 11,,
910,限时训练-伊甸城12,,Limited Time Training - Edengate 12,,
911,限时训练-伊甸城13,,Limited Time Training - Edengate 13,,
912,限时训练-伊甸城14,,Limited Time Training - Edengate 14,,
913,限时训练-伊甸城15,,Limited Time Training - Edengate 15,,
914,限时训练-伊甸城16,,Limited Time Training - Edengate 16,,
915,限时训练-伊甸城17,,Limited Time Training - Edengate 17,,
916,限时训练-伊甸城18,,Limited Time Training - Edengate 18,,
917,限时训练-伊甸城19,,Limited Time Training - Edengate 19,,
918,限时训练-伊甸城20,,Limited Time Training - Edengate 20,,
919,限时训练-伊甸城21,,Limited Time Training - Edengate 21,,
920,限时训练-伊甸城22,,Limited Time Training - Edengate 22,,
921,限时训练-伊甸城23,,Limited Time Training - Edengate 23,,
922,限时训练-伊甸城24,,Limited Time Training - Edengate 24,,
923,限时训练-伊甸城25,,Limited Time Training - Edengate 25,,
924,限时训练-伊甸城26,,Limited Time Training - Edengate 26,,
925,限时训练-伊甸城27,,Limited Time Training - Edengate 27,,
926,限时训练-伊甸城28,,Limited Time Training - Edengate 28,,
927,限时训练-伊甸城29,,Limited Time Training - Edengate 29,,
928,限时训练-伊甸城30,,Limited Time Training - Edengate 30,,
929,限时训练-伊甸城31,,Limited Time Training - Edengate 31,,
930,限时训练-伊甸城32,,Limited Time Training - Edengate 32,,
931,限时训练-伊甸城33,,Limited Time Training - Edengate 33,,
932,限时训练-伊甸城34,,Limited Time Training - Edengate 34,,
933,限时训练-伊甸城35,,Limited Time Training - Edengate 35,,
934,限时训练-伊甸城36,,Limited Time Training - Edengate 36,,
935,限时训练-伊甸城37,,Limited Time Training - Edengate 37,,
936,限时训练-伊甸城38,,Limited Time Training - Edengate 38,,
937,限时训练-伊甸城39,,Limited Time Training - Edengate 39,,
938,限时训练-伊甸城40,,Limited Time Training - Edengate 40,,
976,1241.575(分享来自:快爆用户121845024),,,,
991,限时训练-拉贡雪山1,,Limited Time Training  - Ragon Snowy Peak 1,,
992,限时训练-拉贡雪山2,,Limited Time Training  - Ragon Snowy Peak 2,,
993,限时训练-拉贡雪山3,,Limited Time Training  - Ragon Snowy Peak 3,,
994,限时训练-拉贡雪山4,,Limited Time Training  - Ragon Snowy Peak 4,,
995,限时训练-拉贡雪山5,,Limited Time Training  - Ragon Snowy Peak 5,,
996,限时训练-拉贡雪山6,,Limited Time Training  - Ragon Snowy Peak 6,,
997,限时训练-拉贡雪山7,,Limited Time Training  - Ragon Snowy Peak 7,,
998,限时训练-拉贡雪山8,,Limited Time Training  - Ragon Snowy Peak 8,,
999,限时训练-拉贡雪山9,,Limited Time Training  - Ragon Snowy Peak 9,,
1000,限时训练-拉贡雪山10,,Limited Time Training  - Ragon Snowy Peak 10,,
1001,限时训练-拉贡雪山11,,Limited Time Training  - Ragon Snowy Peak 11,,
1002,限时训练-拉贡雪山12,,Limited Time Training  - Ragon Snowy Peak 12,,
1003,限时训练-拉贡雪山13,,Limited Time Training  - Ragon Snowy Peak 13,,
1004,限时训练-拉贡雪山14,,Limited Time Training  - Ragon Snowy Peak 14,,
1005,限时训练-拉贡雪山15,,Limited Time Training - Ragon Snowy Peak 15,,
1006,临湖镇下，限时训练(分享来自:PITY1455),,,,
1010,688，1914(分享来自:狨金),,,,
1012,限时训练-拉贡雪山16,,Limited Time Training - Ragon Snowy Peak 16,,
1013,限时训练-拉贡雪山17,,Limited Time Training - Ragon Snowy Peak 17,,
1014,限时训练-拉贡雪山18,,Limited Time Training - Ragon Snowy Peak 18,,
1015,限时训练-拉贡雪山19,,Limited Time Training - Ragon Snowy Peak 19,,
1016,限时训练-拉贡雪山20,,Limited Time Training - Ragon Snowy Peak 20,,
1017,限时训练-拉贡雪山22,,Limited Time Training - Ragon Snowy Peak 21,,
1018,限时训练-拉贡雪山21,,Limited Time Training - Ragon Snowy Peak 22,,
1019,限时训练-拉贡雪山23,,Limited Time Training - Ragon Snowy Peak 23,,
1020,限时训练-拉贡雪山24,,Limited Time Training - Ragon Snowy Peak 24,,
1021,限时训练-拉贡雪山25,,Limited Time Training - Ragon Snowy Peak 25,,
1022,限时训练-拉贡雪山26,,Limited Time Training - Ragon Snowy Peak 26,,
1023,限时训练-拉贡雪山27,,Limited Time Training - Ragon Snowy Peak 27,,
1024,限时训练-拉贡雪山28,,Limited Time Training - Ragon Snowy Peak 28,,
1025,限时训练-拉贡雪山29,,Limited Time Training - Ragon Snowy Peak 29,,
1026,限时训练-拉贡雪山30,,Limited Time Training - Ragon Snowy Peak 30,,
1027,限时训练-拉贡雪山31,,Limited Time Training - Ragon Snowy Peak 31,,
1028,限时训练-拉贡雪山32,,Limited Time Training - Ragon Snowy Peak 32,,
1029,限时训练-拉贡雪山33,,Limited Time Training - Ragon Snowy Peak 33,,
1030,限时训练-拉贡雪山34,,Limited Time Training - Ragon Snowy Peak 34,,
1031,限时训练-拉贡雪山35,,Limited Time Training - Ragon Snowy Peak 35,,
1032,限时训练-拉贡雪山36,,Limited Time Training - Ragon Snowy Peak 36,,
1033,限时训练-拉贡雪山37,,Limited Time Training - Ragon Snowy Peak 37,,
1034,限时训练-拉贡雪山38,,Limited Time Training - Ragon Snowy Peak 38,,
1035,限时训练-拉贡雪山39,,Limited Time Training - Ragon Snowy Peak 39,,
1036,限时训练-拉贡雪山40,,Limited Time Training - Ragon Snowy Peak 40,,
1037,限时训练-拉贡雪山41,,Limited Time Training - Ragon Snowy Peak 41,,
1038,限时训练-拉贡雪山42,,Limited Time Training - Ragon Snowy Peak 42,,
1039,限时训练-拉贡雪山43,,Limited Time Training - Ragon Snowy Peak 43,,
1040,限时训练-拉贡雪山44,,Limited Time Training - Ragon Snowy Peak 44,,
1041,限时训练-拉贡雪山45,,Limited Time Training - Ragon Snowy Peak 45,,
1042,限时训练-拉贡雪山46,,Limited Time Training - Ragon Snowy Peak 46,,
1298,限时训练-开普勒港1,,Limited Time Training - Kepler Harbor 1,,
1299,限时训练-开普勒港2双人训练,,Limited Time Training - Kepler Harbor 2,,
1300,限时训练-开普勒港3,,Limited Time Training - Kepler Harbor 3,,
1301,限时训练-开普勒港4,,Limited Time Training - Kepler Harbor 4,,
1302,限时训练-开普勒港5,,Limited Time Training - Kepler Harbor 5,,
1303,限时训练-开普勒港6,,Limited Time Training - Kepler Harbor 6,,
1304,限时训练-开普勒港7,,Limited Time Training - Kepler Harbor 7,,
1315,限时训练-开普勒港8,,Limited Time Training - Kepler Harbor 8,,
1316,限时训练-开普勒港9,,Limited Time Training - Kepler Harbor 9,,
1317,限时训练-开普勒港10,,Limited Time Training - Kepler Harbor 10,,
1338,限时训练-开普勒港11,,Limited Time Training - Kepler Harbor 11,,
1340,限时训练-开普勒港12,,Limited Time Training - Kepler Harbor 12,,
1364,限时训练-开普勒港13,,Limited Time Training - Kepler Harbor 13,,
1365,限时训练-开普勒港14,,Limited Time Training - Kepler Harbor 14,,
1366,限时训练-开普勒港15,,Limited Time Training - Kepler Harbor 15,,
1367,限时训练-开普勒港16,,Limited Time Training - Kepler Harbor 16,,
1368,限时训练-开普勒港17,,Limited Time Training - Kepler Harbor 17,,
1369,限时训练-开普勒港18,,Limited Time Training - Kepler Harbor 18,,
1387,限时训练-开普勒港19,,Limited Time Training - Kepler Harbor 19,,
1388,限时训练-开普勒港20双人,,Limited Time Training - Kepler Harbor 20,,
1389,限时训练-开普勒港21,,Limited Time Training - Kepler Harbor 21,,
1390,限时训练-开普勒港22双人,,Limited Time Training - Kepler Harbor 22,,
1391,限时训练-开普勒港23,,Limited Time Training - Kepler Harbor 23,,
1392,限时训练-开普勒港24,,Limited Time Training - Kepler Harbor 24,,
1393,限时训练-开普勒港25,,Limited Time Training - Kepler Harbor 25,,
1394,限时训练-开普勒港26,,Limited Time Training - Kepler Harbor 26,,
1395,限时训练-开普勒港27,,Limited Time Training - Kepler Harbor 27,,
1396,限时训练-开普勒港28,,Limited Time Training - Kepler Harbor 28,,
1397,限时训练-开普勒港29,,Limited Time Training - Kepler Harbor 29,,
1438,限时训练-开普勒港30,,Limited Time Training - Kepler Harbor 30,,
1439,限时训练-开普勒港31,,Limited Time Training - Kepler Harbor 31,,
1440,限时训练-开普勒港32,,Limited Time Training - Kepler Harbor 32,,
1441,限时训练-开普勒港33双人,,Limited Time Training - Kepler Harbor 33,,
1442,限时训练-开普勒港34,,Limited Time Training - Kepler Harbor 34,,
1443,限时训练-开普勒港35,,Limited Time Training - Kepler Harbor 35,,
1444,限时训练-开普勒港36,,Limited Time Training - Kepler Harbor 36,,
1445,限时训练-开普勒港37,,Limited Time Training - Kepler Harbor 37,,
1446,限时训练-开普勒港38,,Limited Time Training - Kepler Harbor 38,,
1447,限时训练-开普勒港39,,Limited Time Training - Kepler Harbor 39,,
1448,限时训练-开普勒港40,,Limited Time Training - Kepler Harbor 40,,
1449,限时训练-开普勒港41,,Limited Time Training - Kepler Harbor 41,,
1450,限时训练-开普勒港42,,Limited Time Training - Kepler Harbor 42,,
1451,限时训练-开普勒港43,,Limited Time Training - Kepler Harbor 43,,
1517,限时训练-开普勒港44,,Limited Time Training - Kepler Harbor 44,,
1518,限时训练-开普勒港45,,Limited Time Training - Kepler Harbor 45,,
1519,限时训练-开普勒港46,,Limited Time Training - Kepler Harbor 46,,
1551,限时训练-开普勒港47,,Limited Time Training - Kepler Harbor 47,,
1552,限时训练-开普勒港48,,Limited Time Training - Kepler Harbor 48,,
1553,限时训练-开普勒港49,,Limited Time Training - Kepler Harbor 49,,
1571,限时训练-开普勒港50,,Limited Time Training - Kepler Harbor 50,,
1572,限时训练-开普勒港51,,Limited Time Training - Kepler Harbor 51,,
1573,限时训练-开普勒港52,,Limited Time Training - Kepler Harbor 52,,
1574,限时训练-开普勒港53双人,,Limited Time Training - Kepler Harbor 53,,
292,风景-杜加河谷1,,Scenery - Sundale Valley 1,,
293,风景-杜加河谷2,,Scenery - Sundale Valley 2,,
294,风景-杜加河谷3,,Scenery - Sundale Valley 3,,
295,风景-杜加河谷4,,Scenery - Sundale Valley 4,,
296,风景-杜加河谷5,,Scenery - Sundale Valley 5,,
297,风景-杜加河谷6,,Scenery - Sundale Valley 6,,
298,风景-杜加河谷7,,Scenery - Sundale Valley 7,,
299,风景-杜加河谷8,,Scenery - Sundale Valley,,
611,风景-遗迹,,Scenery - Ruin,,
612,风景-空间站残骸,,Scenery - Wreck Space Station,,
613,风景-中央废墟绿洲,,Scenery - Central Ruins Oasis,,
614,风景-异星前线,,Scenery - Alien Frontline,,
616,风景-戈壁洞穴,,Scenery 1,,
617,风景-向往的生活,,Scenery 2,,
618,风景-异晶迷阵,,Scenery 3,,
619,风景-中央车站,,Scenery 4,,
666,风景-商业中心,,Scenery 5,,
667,风景-起源工厂,,Scenery 6,,
671,风景-暗水街,,Scenery 7,,
676,风景-迷雾深渊,,Scenery 8,,
684,风景-黑教堂遗址,,Scenery 9,,
689,风景-空间通信塔,,Scenery 10,,
972,望远镜(分享来自:快爆用户121026140),,,,
1011,在瀑布下面过去就能看见(分享来自:墨言灬),,,,
1273,伊甸城瑞法塔(分享来自:冷月丶葬诗魂1770),,,,
324,垂钓点-杜加河谷1,,,,
325,垂钓点-杜加河谷2,,,,
326,垂钓点-杜加河谷3,,,,
327,垂钓点-杜加河谷4,,,,
328,垂钓点-杜加河谷5,,,,
329,垂钓点-杜加河谷6,,,,
330,垂钓点-杜加河谷7,,,,
331,垂钓点-杜加河谷8,,,,
332,垂钓点-杜加河谷9,,,,
333,垂钓点-杜加河谷10,,,,
334,垂钓点-杜加河谷11,,,,
335,垂钓点-尖叫戈壁1,,,,
336,垂钓点-尖叫戈壁2,,,,
337,垂钓点-尖叫戈壁3,,,,
338,垂钓点-尖叫戈壁4,,,,
339,垂钓点-尖叫戈壁5,,,,
340,垂钓点-尖叫戈壁6,,,,
341,垂钓点-尖叫戈壁7,,,,
342,垂钓点-尖叫戈壁8,,,,
343,垂钓点-尖叫戈壁9,,,,
344,垂钓点-尖叫戈壁10,,,,
345,垂钓点-尖叫戈壁11,,,,
346,垂钓点-尖叫戈壁12,,,,
347,垂钓点-伊甸城1,,,,
348,垂钓点-伊甸城2,,,,
349,垂钓点-伊甸城3,,,,
350,垂钓点-伊甸城4,,,,
351,垂钓点-伊甸城5,,,,
352,垂钓点-伊甸城6,,,,
971,城区左手海边桥旁(分享来自:理财代师),,,,
1275,雪山银肚鲑(分享来自:快爆用户122112617),,,,